CALLSITE	TESTS_CALLING_THE_CALLSITE
['C:\\Users\\anna\\orleans\\src\\Azure\\Orleans.Persistence.AzureStorage\\Providers\\Storage\\AzureTableStorage.cs:409:Azure.Data.Tables;Azure.Data.Tables.TableClient.GetEntityAsync(string,string,System.Collections.Generic.IEnumerable`1[string],System.Threading.CancellationToken):Orleans.Storage.AzureTableGrainStorage.GrainStateTableDataManager.Read(?)']	['Tester.AzureUtils.Streaming.AQStreamingTests.AQ_01_OneProducerGrainOneConsumerGrain', 'Tester.AzureUtils.Streaming.AQStreamingTests.AQ_02_OneProducerGrainOneConsumerClient', 'Tester.AzureUtils.Streaming.AQStreamingTests.AQ_03_OneProducerClientOneConsumerGrain', 'Tester.AzureUtils.Streaming.AQStreamingTests.AQ_04_OneProducerClientOneConsumerClient', 'Tester.AzureUtils.Streaming.AQStreamingTests.AQ_05_ManyDifferent_ManyProducerGrainsManyConsumerGrains', 'Tester.AzureUtils.Streaming.AQStreamingTests.AQ_06_ManyDifferent_ManyProducerGrainManyConsumerClients', 'Tester.AzureUtils.Streaming.AQStreamingTests.AQ_08_ManyDifferent_ManyProducerClientsManyConsumerClients', 'Tester.AzureUtils.Streaming.AQStreamingTests.AQ_09_ManySame_ManyProducerGrainsManyConsumerGrains', 'Tester.AzureUtils.Streaming.AQStreamingTests.AQ_10_ManySame_ManyConsumerGrainsManyProducerGrains', 'Tester.AzureUtils.Streaming.AQStreamingTests.AQ_11_ManySame_ManyProducerGrainsManyConsumerClients', 'Tester.AzureUtils.Streaming.AQStreamingTests.AQ_12_ManySame_ManyProducerClientsManyConsumerGrains', 'Tester.AzureUtils.Streaming.AQStreamingTests.AQ_13_SameGrain_ConsumerFirstProducerLater', 'Tester.AzureUtils.Streaming.AQStreamingTests.AQ_14_SameGrain_ProducerFirstConsumerLater', 'Tester.AzureUtils.Streaming.AQStreamingTests.AQ_15_ConsumeAtProducersRequest', 'Tester.AzureUtils.Streaming.AQStreamingTests.AQ_16_MultipleStreams_ManyDifferent_ManyProducerGrainsManyConsumerGrains', 'Tester.AzureUtils.Streaming.AQStreamingTests.AQ_17_MultipleStreams_1J_ManyProducerGrainsManyConsumerGrains', 'Tester.AzureUtils.Streaming.AQStreamingTests.AQ_19_ConsumerImplicitlySubscribedToProducerClient', 'Tester.AzureUtils.Streaming.AQStreamingTests.AQ_20_ConsumerImplicitlySubscribedToProducerGrain']
['C:\\Users\\anna\\orleans\\src\\Azure\\Orleans.Streaming.AzureStorage\\Storage\\AzureQueueDataManager.cs:121:Azure.Storage.Queues;Azure.Storage.Queues.QueueClient.CreateIfNotExistsAsync(System.Collections.Generic.IDictionary`2[string,string],System.Threading.CancellationToken):Orleans.AzureUtils.AzureQueueDataManager.InitQueueAsync(?)']	['Tester.AzureUtils.Streaming.AQStreamingTests.AQ_01_OneProducerGrainOneConsumerGrain', 'Tester.AzureUtils.Streaming.AQStreamingTests.AQ_02_OneProducerGrainOneConsumerClient', 'Tester.AzureUtils.Streaming.AQStreamingTests.AQ_03_OneProducerClientOneConsumerGrain', 'Tester.AzureUtils.Streaming.AQStreamingTests.AQ_04_OneProducerClientOneConsumerClient', 'Tester.AzureUtils.Streaming.AQStreamingTests.AQ_05_ManyDifferent_ManyProducerGrainsManyConsumerGrains', 'Tester.AzureUtils.Streaming.AQStreamingTests.AQ_06_ManyDifferent_ManyProducerGrainManyConsumerClients', 'Tester.AzureUtils.Streaming.AQStreamingTests.AQ_08_ManyDifferent_ManyProducerClientsManyConsumerClients', 'Tester.AzureUtils.Streaming.AQStreamingTests.AQ_09_ManySame_ManyProducerGrainsManyConsumerGrains', 'Tester.AzureUtils.Streaming.AQStreamingTests.AQ_10_ManySame_ManyConsumerGrainsManyProducerGrains', 'Tester.AzureUtils.Streaming.AQStreamingTests.AQ_11_ManySame_ManyProducerGrainsManyConsumerClients', 'Tester.AzureUtils.Streaming.AQStreamingTests.AQ_12_ManySame_ManyProducerClientsManyConsumerGrains', 'Tester.AzureUtils.Streaming.AQStreamingTests.AQ_13_SameGrain_ConsumerFirstProducerLater', 'Tester.AzureUtils.Streaming.AQStreamingTests.AQ_14_SameGrain_ProducerFirstConsumerLater', 'Tester.AzureUtils.Streaming.AQStreamingTests.AQ_15_ConsumeAtProducersRequest', 'Tester.AzureUtils.Streaming.AQStreamingTests.AQ_16_MultipleStreams_ManyDifferent_ManyProducerGrainsManyConsumerGrains', 'Tester.AzureUtils.Streaming.AQStreamingTests.AQ_17_MultipleStreams_1J_ManyProducerGrainsManyConsumerGrains', 'Tester.AzureUtils.Streaming.AQStreamingTests.AQ_19_ConsumerImplicitlySubscribedToProducerClient', 'Tester.AzureUtils.Streaming.AQStreamingTests.AQ_20_ConsumerImplicitlySubscribedToProducerGrain']
['C:\\Users\\anna\\orleans\\src\\Azure\\Orleans.Streaming.AzureStorage\\Storage\\AzureQueueDataManager.cs:171:Azure.Storage.Queues;Azure.Storage.Queues.QueueClient.ClearMessagesAsync(System.Threading.CancellationToken):Orleans.AzureUtils.AzureQueueDataManager.ClearQueue(?)']	['Tester.AzureUtils.Streaming.AQStreamingTests.AQ_01_OneProducerGrainOneConsumerGrain', 'Tester.AzureUtils.Streaming.AQStreamingTests.AQ_02_OneProducerGrainOneConsumerClient', 'Tester.AzureUtils.Streaming.AQStreamingTests.AQ_03_OneProducerClientOneConsumerGrain', 'Tester.AzureUtils.Streaming.AQStreamingTests.AQ_04_OneProducerClientOneConsumerClient', 'Tester.AzureUtils.Streaming.AQStreamingTests.AQ_05_ManyDifferent_ManyProducerGrainsManyConsumerGrains', 'Tester.AzureUtils.Streaming.AQStreamingTests.AQ_06_ManyDifferent_ManyProducerGrainManyConsumerClients', 'Tester.AzureUtils.Streaming.AQStreamingTests.AQ_08_ManyDifferent_ManyProducerClientsManyConsumerClients', 'Tester.AzureUtils.Streaming.AQStreamingTests.AQ_09_ManySame_ManyProducerGrainsManyConsumerGrains', 'Tester.AzureUtils.Streaming.AQStreamingTests.AQ_10_ManySame_ManyConsumerGrainsManyProducerGrains', 'Tester.AzureUtils.Streaming.AQStreamingTests.AQ_11_ManySame_ManyProducerGrainsManyConsumerClients', 'Tester.AzureUtils.Streaming.AQStreamingTests.AQ_12_ManySame_ManyProducerClientsManyConsumerGrains', 'Tester.AzureUtils.Streaming.AQStreamingTests.AQ_13_SameGrain_ConsumerFirstProducerLater', 'Tester.AzureUtils.Streaming.AQStreamingTests.AQ_14_SameGrain_ProducerFirstConsumerLater', 'Tester.AzureUtils.Streaming.AQStreamingTests.AQ_15_ConsumeAtProducersRequest', 'Tester.AzureUtils.Streaming.AQStreamingTests.AQ_16_MultipleStreams_ManyDifferent_ManyProducerGrainsManyConsumerGrains', 'Tester.AzureUtils.Streaming.AQStreamingTests.AQ_17_MultipleStreams_1J_ManyProducerGrainsManyConsumerGrains', 'Tester.AzureUtils.Streaming.AQStreamingTests.AQ_19_ConsumerImplicitlySubscribedToProducerClient', 'Tester.AzureUtils.Streaming.AQStreamingTests.AQ_20_ConsumerImplicitlySubscribedToProducerGrain']
['C:\\Users\\anna\\orleans\\src\\Azure\\Orleans.Streaming.AzureStorage\\Storage\\AzureQueueDataManager.cs:202:Azure.Storage.Queues;Azure.Storage.Queues.QueueClient.SendMessageAsync(string):Orleans.AzureUtils.AzureQueueDataManager.AddQueueMessage(?)']	['Tester.AzureUtils.Streaming.AQStreamingTests.AQ_01_OneProducerGrainOneConsumerGrain', 'Tester.AzureUtils.Streaming.AQStreamingTests.AQ_02_OneProducerGrainOneConsumerClient', 'Tester.AzureUtils.Streaming.AQStreamingTests.AQ_03_OneProducerClientOneConsumerGrain', 'Tester.AzureUtils.Streaming.AQStreamingTests.AQ_04_OneProducerClientOneConsumerClient', 'Tester.AzureUtils.Streaming.AQStreamingTests.AQ_05_ManyDifferent_ManyProducerGrainsManyConsumerGrains', 'Tester.AzureUtils.Streaming.AQStreamingTests.AQ_06_ManyDifferent_ManyProducerGrainManyConsumerClients', 'Tester.AzureUtils.Streaming.AQStreamingTests.AQ_08_ManyDifferent_ManyProducerClientsManyConsumerClients', 'Tester.AzureUtils.Streaming.AQStreamingTests.AQ_09_ManySame_ManyProducerGrainsManyConsumerGrains', 'Tester.AzureUtils.Streaming.AQStreamingTests.AQ_10_ManySame_ManyConsumerGrainsManyProducerGrains', 'Tester.AzureUtils.Streaming.AQStreamingTests.AQ_11_ManySame_ManyProducerGrainsManyConsumerClients', 'Tester.AzureUtils.Streaming.AQStreamingTests.AQ_12_ManySame_ManyProducerClientsManyConsumerGrains', 'Tester.AzureUtils.Streaming.AQStreamingTests.AQ_13_SameGrain_ConsumerFirstProducerLater', 'Tester.AzureUtils.Streaming.AQStreamingTests.AQ_14_SameGrain_ProducerFirstConsumerLater', 'Tester.AzureUtils.Streaming.AQStreamingTests.AQ_15_ConsumeAtProducersRequest', 'Tester.AzureUtils.Streaming.AQStreamingTests.AQ_16_MultipleStreams_ManyDifferent_ManyProducerGrainsManyConsumerGrains', 'Tester.AzureUtils.Streaming.AQStreamingTests.AQ_17_MultipleStreams_1J_ManyProducerGrainsManyConsumerGrains', 'Tester.AzureUtils.Streaming.AQStreamingTests.AQ_19_ConsumerImplicitlySubscribedToProducerClient', 'Tester.AzureUtils.Streaming.AQStreamingTests.AQ_20_ConsumerImplicitlySubscribedToProducerGrain']
['C:\\Users\\anna\\orleans\\src\\Azure\\Orleans.Streaming.AzureStorage\\Storage\\AzureQueueDataManager.cs:283:Azure.Storage.Queues;Azure.Storage.Queues.QueueClient.ReceiveMessagesAsync(System.Nullable`1[int],System.Nullable`1[System.TimeSpan],System.Threading.CancellationToken):Orleans.AzureUtils.AzureQueueDataManager.GetQueueMessages(?)']	['Tester.AzureUtils.Streaming.AQStreamingTests.AQ_01_OneProducerGrainOneConsumerGrain', 'Tester.AzureUtils.Streaming.AQStreamingTests.AQ_02_OneProducerGrainOneConsumerClient', 'Tester.AzureUtils.Streaming.AQStreamingTests.AQ_03_OneProducerClientOneConsumerGrain', 'Tester.AzureUtils.Streaming.AQStreamingTests.AQ_04_OneProducerClientOneConsumerClient', 'Tester.AzureUtils.Streaming.AQStreamingTests.AQ_05_ManyDifferent_ManyProducerGrainsManyConsumerGrains', 'Tester.AzureUtils.Streaming.AQStreamingTests.AQ_06_ManyDifferent_ManyProducerGrainManyConsumerClients', 'Tester.AzureUtils.Streaming.AQStreamingTests.AQ_08_ManyDifferent_ManyProducerClientsManyConsumerClients', 'Tester.AzureUtils.Streaming.AQStreamingTests.AQ_09_ManySame_ManyProducerGrainsManyConsumerGrains', 'Tester.AzureUtils.Streaming.AQStreamingTests.AQ_10_ManySame_ManyConsumerGrainsManyProducerGrains', 'Tester.AzureUtils.Streaming.AQStreamingTests.AQ_11_ManySame_ManyProducerGrainsManyConsumerClients', 'Tester.AzureUtils.Streaming.AQStreamingTests.AQ_12_ManySame_ManyProducerClientsManyConsumerGrains', 'Tester.AzureUtils.Streaming.AQStreamingTests.AQ_13_SameGrain_ConsumerFirstProducerLater', 'Tester.AzureUtils.Streaming.AQStreamingTests.AQ_14_SameGrain_ProducerFirstConsumerLater', 'Tester.AzureUtils.Streaming.AQStreamingTests.AQ_15_ConsumeAtProducersRequest', 'Tester.AzureUtils.Streaming.AQStreamingTests.AQ_16_MultipleStreams_ManyDifferent_ManyProducerGrainsManyConsumerGrains', 'Tester.AzureUtils.Streaming.AQStreamingTests.AQ_17_MultipleStreams_1J_ManyProducerGrainsManyConsumerGrains', 'Tester.AzureUtils.Streaming.AQStreamingTests.AQ_19_ConsumerImplicitlySubscribedToProducerClient', 'Tester.AzureUtils.Streaming.AQStreamingTests.AQ_20_ConsumerImplicitlySubscribedToProducerGrain']
['C:\\Users\\anna\\orleans\\src\\Azure\\Orleans.Streaming.AzureStorage\\Storage\\AzureQueueDataManager.cs:308:Azure.Storage.Queues;Azure.Storage.Queues.QueueClient.DeleteMessageAsync(string,string,System.Threading.CancellationToken):Orleans.AzureUtils.AzureQueueDataManager.DeleteQueueMessage(?)']	['Tester.AzureUtils.Streaming.AQStreamingTests.AQ_01_OneProducerGrainOneConsumerGrain', 'Tester.AzureUtils.Streaming.AQStreamingTests.AQ_02_OneProducerGrainOneConsumerClient', 'Tester.AzureUtils.Streaming.AQStreamingTests.AQ_03_OneProducerClientOneConsumerGrain', 'Tester.AzureUtils.Streaming.AQStreamingTests.AQ_04_OneProducerClientOneConsumerClient', 'Tester.AzureUtils.Streaming.AQStreamingTests.AQ_05_ManyDifferent_ManyProducerGrainsManyConsumerGrains', 'Tester.AzureUtils.Streaming.AQStreamingTests.AQ_06_ManyDifferent_ManyProducerGrainManyConsumerClients', 'Tester.AzureUtils.Streaming.AQStreamingTests.AQ_08_ManyDifferent_ManyProducerClientsManyConsumerClients', 'Tester.AzureUtils.Streaming.AQStreamingTests.AQ_09_ManySame_ManyProducerGrainsManyConsumerGrains', 'Tester.AzureUtils.Streaming.AQStreamingTests.AQ_10_ManySame_ManyConsumerGrainsManyProducerGrains', 'Tester.AzureUtils.Streaming.AQStreamingTests.AQ_11_ManySame_ManyProducerGrainsManyConsumerClients', 'Tester.AzureUtils.Streaming.AQStreamingTests.AQ_12_ManySame_ManyProducerClientsManyConsumerGrains', 'Tester.AzureUtils.Streaming.AQStreamingTests.AQ_13_SameGrain_ConsumerFirstProducerLater', 'Tester.AzureUtils.Streaming.AQStreamingTests.AQ_14_SameGrain_ProducerFirstConsumerLater', 'Tester.AzureUtils.Streaming.AQStreamingTests.AQ_15_ConsumeAtProducersRequest', 'Tester.AzureUtils.Streaming.AQStreamingTests.AQ_16_MultipleStreams_ManyDifferent_ManyProducerGrainsManyConsumerGrains', 'Tester.AzureUtils.Streaming.AQStreamingTests.AQ_17_MultipleStreams_1J_ManyProducerGrainsManyConsumerGrains', 'Tester.AzureUtils.Streaming.AQStreamingTests.AQ_19_ConsumerImplicitlySubscribedToProducerClient', 'Tester.AzureUtils.Streaming.AQStreamingTests.AQ_20_ConsumerImplicitlySubscribedToProducerGrain']
['C:\\Users\\anna\\orleans\\src\\Azure\\Shared\\Storage\\AzureTableDataManager.cs:171:Azure.Data.Tables;Azure.Data.Tables.TableClient.AddEntityAsync(!!0,System.Threading.CancellationToken):Orleans.Persistence.AzureStorage.AzureTableDataManager`1.CreateTableEntryAsync[](?)']	['Tester.AzureUtils.Streaming.AQStreamingTests.AQ_01_OneProducerGrainOneConsumerGrain', 'Tester.AzureUtils.Streaming.AQStreamingTests.AQ_02_OneProducerGrainOneConsumerClient', 'Tester.AzureUtils.Streaming.AQStreamingTests.AQ_03_OneProducerClientOneConsumerGrain', 'Tester.AzureUtils.Streaming.AQStreamingTests.AQ_04_OneProducerClientOneConsumerClient', 'Tester.AzureUtils.Streaming.AQStreamingTests.AQ_05_ManyDifferent_ManyProducerGrainsManyConsumerGrains', 'Tester.AzureUtils.Streaming.AQStreamingTests.AQ_06_ManyDifferent_ManyProducerGrainManyConsumerClients', 'Tester.AzureUtils.Streaming.AQStreamingTests.AQ_08_ManyDifferent_ManyProducerClientsManyConsumerClients', 'Tester.AzureUtils.Streaming.AQStreamingTests.AQ_09_ManySame_ManyProducerGrainsManyConsumerGrains', 'Tester.AzureUtils.Streaming.AQStreamingTests.AQ_10_ManySame_ManyConsumerGrainsManyProducerGrains', 'Tester.AzureUtils.Streaming.AQStreamingTests.AQ_11_ManySame_ManyProducerGrainsManyConsumerClients', 'Tester.AzureUtils.Streaming.AQStreamingTests.AQ_12_ManySame_ManyProducerClientsManyConsumerGrains', 'Tester.AzureUtils.Streaming.AQStreamingTests.AQ_13_SameGrain_ConsumerFirstProducerLater', 'Tester.AzureUtils.Streaming.AQStreamingTests.AQ_14_SameGrain_ProducerFirstConsumerLater', 'Tester.AzureUtils.Streaming.AQStreamingTests.AQ_15_ConsumeAtProducersRequest', 'Tester.AzureUtils.Streaming.AQStreamingTests.AQ_16_MultipleStreams_ManyDifferent_ManyProducerGrainsManyConsumerGrains', 'Tester.AzureUtils.Streaming.AQStreamingTests.AQ_17_MultipleStreams_1J_ManyProducerGrainsManyConsumerGrains', 'Tester.AzureUtils.Streaming.AQStreamingTests.AQ_19_ConsumerImplicitlySubscribedToProducerClient', 'Tester.AzureUtils.Streaming.AQStreamingTests.AQ_20_ConsumerImplicitlySubscribedToProducerGrain']
['C:\\Users\\anna\\orleans\\src\\Azure\\Shared\\Storage\\AzureTableDataManager.cs:322:Azure.Data.Tables;Azure.Data.Tables.TableClient.UpdateEntityAsync(!!0,Azure.ETag,Azure.Data.Tables.TableUpdateMode,System.Threading.CancellationToken):Orleans.Persistence.AzureStorage.AzureTableDataManager`1.UpdateTableEntryAsync[](?)']	['Tester.AzureUtils.Streaming.AQStreamingTests.AQ_01_OneProducerGrainOneConsumerGrain', 'Tester.AzureUtils.Streaming.AQStreamingTests.AQ_02_OneProducerGrainOneConsumerClient', 'Tester.AzureUtils.Streaming.AQStreamingTests.AQ_03_OneProducerClientOneConsumerGrain', 'Tester.AzureUtils.Streaming.AQStreamingTests.AQ_04_OneProducerClientOneConsumerClient', 'Tester.AzureUtils.Streaming.AQStreamingTests.AQ_05_ManyDifferent_ManyProducerGrainsManyConsumerGrains', 'Tester.AzureUtils.Streaming.AQStreamingTests.AQ_06_ManyDifferent_ManyProducerGrainManyConsumerClients', 'Tester.AzureUtils.Streaming.AQStreamingTests.AQ_08_ManyDifferent_ManyProducerClientsManyConsumerClients', 'Tester.AzureUtils.Streaming.AQStreamingTests.AQ_09_ManySame_ManyProducerGrainsManyConsumerGrains', 'Tester.AzureUtils.Streaming.AQStreamingTests.AQ_10_ManySame_ManyConsumerGrainsManyProducerGrains', 'Tester.AzureUtils.Streaming.AQStreamingTests.AQ_11_ManySame_ManyProducerGrainsManyConsumerClients', 'Tester.AzureUtils.Streaming.AQStreamingTests.AQ_12_ManySame_ManyProducerClientsManyConsumerGrains', 'Tester.AzureUtils.Streaming.AQStreamingTests.AQ_13_SameGrain_ConsumerFirstProducerLater', 'Tester.AzureUtils.Streaming.AQStreamingTests.AQ_14_SameGrain_ProducerFirstConsumerLater', 'Tester.AzureUtils.Streaming.AQStreamingTests.AQ_15_ConsumeAtProducersRequest', 'Tester.AzureUtils.Streaming.AQStreamingTests.AQ_16_MultipleStreams_ManyDifferent_ManyProducerGrainsManyConsumerGrains', 'Tester.AzureUtils.Streaming.AQStreamingTests.AQ_17_MultipleStreams_1J_ManyProducerGrainsManyConsumerGrains', 'Tester.AzureUtils.Streaming.AQStreamingTests.AQ_19_ConsumerImplicitlySubscribedToProducerClient', 'Tester.AzureUtils.Streaming.AQStreamingTests.AQ_20_ConsumerImplicitlySubscribedToProducerGrain']
['C:\\Users\\anna\\orleans\\src\\Azure\\Shared\\Storage\\AzureTableDataManager.cs:84:Azure.Data.Tables;Azure.Data.Tables.TableClient.CreateIfNotExistsAsync(System.Threading.CancellationToken):Orleans.Persistence.AzureStorage.AzureTableDataManager`1.InitTableAsync[](?)']	['Tester.AzureUtils.Streaming.AQStreamingTests.AQ_01_OneProducerGrainOneConsumerGrain', 'Tester.AzureUtils.Streaming.AQStreamingTests.AQ_02_OneProducerGrainOneConsumerClient', 'Tester.AzureUtils.Streaming.AQStreamingTests.AQ_03_OneProducerClientOneConsumerGrain', 'Tester.AzureUtils.Streaming.AQStreamingTests.AQ_04_OneProducerClientOneConsumerClient', 'Tester.AzureUtils.Streaming.AQStreamingTests.AQ_05_ManyDifferent_ManyProducerGrainsManyConsumerGrains', 'Tester.AzureUtils.Streaming.AQStreamingTests.AQ_06_ManyDifferent_ManyProducerGrainManyConsumerClients', 'Tester.AzureUtils.Streaming.AQStreamingTests.AQ_08_ManyDifferent_ManyProducerClientsManyConsumerClients', 'Tester.AzureUtils.Streaming.AQStreamingTests.AQ_09_ManySame_ManyProducerGrainsManyConsumerGrains', 'Tester.AzureUtils.Streaming.AQStreamingTests.AQ_10_ManySame_ManyConsumerGrainsManyProducerGrains', 'Tester.AzureUtils.Streaming.AQStreamingTests.AQ_11_ManySame_ManyProducerGrainsManyConsumerClients', 'Tester.AzureUtils.Streaming.AQStreamingTests.AQ_12_ManySame_ManyProducerClientsManyConsumerGrains', 'Tester.AzureUtils.Streaming.AQStreamingTests.AQ_13_SameGrain_ConsumerFirstProducerLater', 'Tester.AzureUtils.Streaming.AQStreamingTests.AQ_14_SameGrain_ProducerFirstConsumerLater', 'Tester.AzureUtils.Streaming.AQStreamingTests.AQ_15_ConsumeAtProducersRequest', 'Tester.AzureUtils.Streaming.AQStreamingTests.AQ_16_MultipleStreams_ManyDifferent_ManyProducerGrainsManyConsumerGrains', 'Tester.AzureUtils.Streaming.AQStreamingTests.AQ_17_MultipleStreams_1J_ManyProducerGrainsManyConsumerGrains', 'Tester.AzureUtils.Streaming.AQStreamingTests.AQ_19_ConsumerImplicitlySubscribedToProducerClient', 'Tester.AzureUtils.Streaming.AQStreamingTests.AQ_20_ConsumerImplicitlySubscribedToProducerGrain']
['C:\\Users\\anna\\orleans\\src\\Azure\\Shared\\Storage\\AzureTableDataManager.cs:367:Azure.Data.Tables;Azure.Data.Tables.TableClient.DeleteEntityAsync(string,string,Azure.ETag,System.Threading.CancellationToken):Orleans.Persistence.AzureStorage.AzureTableDataManager`1.DeleteTableEntryAsync[](?)']	['Tester.AzureUtils.Streaming.AQStreamingTests.AQ_19_ConsumerImplicitlySubscribedToProducerClient', 'Tester.AzureUtils.Streaming.AQStreamingTests.AQ_20_ConsumerImplicitlySubscribedToProducerGrain']
