name	policy	round	outcome	message	fail_in_test	boring_failure
Tester.AzureUtils.Persistence.PersistenceStateTests_AzureTableGrainStorage.Grain_AzureTableGrainStorage_SiloRestart	timeout_blind	3	Failed	Orleans.Storage.TableStorageUpdateConditionNotSatisfiedException : Table storage condition not Satisfied.  GrainType: state, GrainId: new-test-storage-grain/9d066b10bd274a5ea10e1c7ff874fa8d, TableName: OrleansGrainState, StoredETag: Unknown, CurrentETag:   ---- Azure.RequestFailedException : The specified entity already exists. RequestId:41f20d74-e002-003d-647a-2f3d1c000000 Time:2023-01-23T22:31:53.9124464Z  Status: 409 (Conflict)  ErrorCode: EntityAlreadyExists    Content:  {"odata.error":{"code":"EntityAlreadyExists","message":{"lang":"en-US","value":"The specified entity already exists.\nRequestId:41f20d74-e002-003d-647a-2f3d1c000000\nTime:2023-01-23T22:31:53.9124464Z"}}}    Headers:  Cache-Control: no-cache  Server: Windows-Azure-Table/1.0,Microsoft-HTTPAPI/2.0  x-ms-request-id: 41f20d74-e002-003d-647a-2f3d1c000000  x-ms-client-request-id: 80fce43b-7e48-4cc2-a69a-ce3a6f9f7875  x-ms-version: REDACTED  X-Content-Type-Options: REDACTED  Preference-Applied: REDACTED  Date: Mon, 23 Jan 2023 22:31:53 GMT  Connection: keep-alive  Content-Type: application/json; odata=minimalmetadata; streaming=true; charset=utf-8  Content-Length: 203	False	False
Tester.AzureUtils.Persistence.PersistenceStateTests_AzureTableGrainStorage.Grain_AzureTableGrainStorage_SiloRestart	timeout_blind	4	Failed	Orleans.Storage.TableStorageUpdateConditionNotSatisfiedException : Table storage condition not Satisfied.  GrainType: state, GrainId: new-test-storage-grain/865ce76287e44c1c98d73d1e9132277b, TableName: OrleansGrainState, StoredETag: Unknown, CurrentETag: W/"datetime'2023-01-23T22%3A32%3A36.9857458Z'"  ---- Azure.RequestFailedException : The update condition specified in the request was not satisfied. RequestId:fd520af9-f002-007c-667a-2f65f8000000 Time:2023-01-23T22:33:10.9285998Z  Status: 412 (Precondition Failed)  ErrorCode: UpdateConditionNotSatisfied    Content:  {"odata.error":{"code":"UpdateConditionNotSatisfied","message":{"lang":"en-US","value":"The update condition specified in the request was not satisfied.\nRequestId:fd520af9-f002-007c-667a-2f65f8000000\nTime:2023-01-23T22:33:10.9285998Z"}}}    Headers:  Cache-Control: no-cache  Server: Windows-Azure-Table/1.0,Microsoft-HTTPAPI/2.0  x-ms-request-id: fd520af9-f002-007c-667a-2f65f8000000  x-ms-client-request-id: 15e922a5-5bbf-41e4-ab0a-46bb8a67ecd3  x-ms-version: REDACTED  X-Content-Type-Options: REDACTED  Date: Mon, 23 Jan 2023 22:33:09 GMT  Connection: keep-alive  Content-Type: application/json; odata=minimalmetadata; streaming=true; charset=utf-8  Content-Length: 239	False	False
Tester.AzureUtils.Persistence.PersistenceStateTests_AzureTableGrainStorage.Grain_GuidKeyExtended_AzureTableGrainStorage_Read_Write	timeout_blind	3	Failed	Orleans.Storage.TableStorageUpdateConditionNotSatisfiedException : Table storage condition not Satisfied.  GrainType: state, GrainId: new-test-storage-grain-with-extended-key/780e58c68508438c92faaf8d4cf644ff+535217997, TableName: OrleansGrainState, StoredETag: Unknown, CurrentETag:   ---- Azure.RequestFailedException : The specified entity already exists. RequestId:b78439d1-0002-0078-2f7b-2fe8ff000000 Time:2023-01-23T22:42:28.0614824Z  Status: 409 (Conflict)  ErrorCode: EntityAlreadyExists    Content:  {"odata.error":{"code":"EntityAlreadyExists","message":{"lang":"en-US","value":"The specified entity already exists.\nRequestId:b78439d1-0002-0078-2f7b-2fe8ff000000\nTime:2023-01-23T22:42:28.0614824Z"}}}    Headers:  Cache-Control: no-cache  Server: Windows-Azure-Table/1.0,Microsoft-HTTPAPI/2.0  x-ms-request-id: b78439d1-0002-0078-2f7b-2fe8ff000000  x-ms-client-request-id: 70fd18ac-33d5-4381-9400-f830f08ddaa3  x-ms-version: REDACTED  X-Content-Type-Options: REDACTED  Preference-Applied: REDACTED  Date: Mon, 23 Jan 2023 22:42:27 GMT  Connection: keep-alive  Content-Type: application/json; odata=minimalmetadata; streaming=true; charset=utf-8  Content-Length: 203	False	False
Tester.AzureUtils.Persistence.PersistenceStateTests_AzureTableGrainStorage.Grain_GuidKeyExtended_AzureTableGrainStorage_Read_Write	timeout_blind	4	Failed	Orleans.Storage.TableStorageUpdateConditionNotSatisfiedException : Table storage condition not Satisfied.  GrainType: state, GrainId: new-test-storage-grain-with-extended-key/8690c4adf4bd49f7be5cd97aa0cfb4d1+1600994900, TableName: OrleansGrainState, StoredETag: Unknown, CurrentETag: W/"datetime'2023-01-23T22%3A43%3A11.959869Z'"  ---- Azure.RequestFailedException : The update condition specified in the request was not satisfied. RequestId:5e0bfb32-e002-0002-577c-2ff5bf000000 Time:2023-01-23T22:43:13.0253568Z  Status: 412 (Precondition Failed)  ErrorCode: UpdateConditionNotSatisfied    Content:  {"odata.error":{"code":"UpdateConditionNotSatisfied","message":{"lang":"en-US","value":"The update condition specified in the request was not satisfied.\nRequestId:5e0bfb32-e002-0002-577c-2ff5bf000000\nTime:2023-01-23T22:43:13.0253568Z"}}}    Headers:  Cache-Control: no-cache  Server: Windows-Azure-Table/1.0,Microsoft-HTTPAPI/2.0  x-ms-request-id: 5e0bfb32-e002-0002-577c-2ff5bf000000  x-ms-client-request-id: c410a217-1622-44a4-8c9b-d3fbb7fe50d6  x-ms-version: REDACTED  X-Content-Type-Options: REDACTED  Date: Mon, 23 Jan 2023 22:43:12 GMT  Connection: keep-alive  Content-Type: application/json; odata=minimalmetadata; streaming=true; charset=utf-8  Content-Length: 239	False	False
Tester.AzureUtils.Persistence.PersistenceStateTests_AzureTableGrainStorage.Grain_GuidKey_AzureTableGrainStorage_Read_Write	timeout_blind	3	Failed	Orleans.Storage.TableStorageUpdateConditionNotSatisfiedException : Table storage condition not Satisfied.  GrainType: state, GrainId: new-test-storage-grain/9d51ca62ac024b5994b849644177e82d, TableName: OrleansGrainState, StoredETag: Unknown, CurrentETag:   ---- Azure.RequestFailedException : The specified entity already exists. RequestId:a18d9cd4-a002-004e-4e7c-2f658f000000 Time:2023-01-23T22:49:42.2537434Z  Status: 409 (Conflict)  ErrorCode: EntityAlreadyExists    Content:  {"odata.error":{"code":"EntityAlreadyExists","message":{"lang":"en-US","value":"The specified entity already exists.\nRequestId:a18d9cd4-a002-004e-4e7c-2f658f000000\nTime:2023-01-23T22:49:42.2537434Z"}}}    Headers:  Cache-Control: no-cache  Server: Windows-Azure-Table/1.0,Microsoft-HTTPAPI/2.0  x-ms-request-id: a18d9cd4-a002-004e-4e7c-2f658f000000  x-ms-client-request-id: e664b8d2-34b6-410a-8027-d7561a4c8c1a  x-ms-version: REDACTED  X-Content-Type-Options: REDACTED  Preference-Applied: REDACTED  Date: Mon, 23 Jan 2023 22:49:41 GMT  Connection: keep-alive  Content-Type: application/json; odata=minimalmetadata; streaming=true; charset=utf-8  Content-Length: 203	False	False
Tester.AzureUtils.Persistence.PersistenceStateTests_AzureTableGrainStorage.Grain_GuidKey_AzureTableGrainStorage_Read_Write	timeout_blind	4	Failed	Orleans.Storage.TableStorageUpdateConditionNotSatisfiedException : Table storage condition not Satisfied.  GrainType: state, GrainId: new-test-storage-grain/d6bed03299c045d188003e26ae52cde0, TableName: OrleansGrainState, StoredETag: Unknown, CurrentETag: W/"datetime'2023-01-23T22%3A50%3A23.8469592Z'"  ---- Azure.RequestFailedException : The update condition specified in the request was not satisfied. RequestId:68da925f-a002-005e-2a7d-2fa0e7000000 Time:2023-01-23T22:50:24.6469755Z  Status: 412 (Precondition Failed)  ErrorCode: UpdateConditionNotSatisfied    Content:  {"odata.error":{"code":"UpdateConditionNotSatisfied","message":{"lang":"en-US","value":"The update condition specified in the request was not satisfied.\nRequestId:68da925f-a002-005e-2a7d-2fa0e7000000\nTime:2023-01-23T22:50:24.6469755Z"}}}    Headers:  Cache-Control: no-cache  Server: Windows-Azure-Table/1.0,Microsoft-HTTPAPI/2.0  x-ms-request-id: 68da925f-a002-005e-2a7d-2fa0e7000000  x-ms-client-request-id: 5f8ea9ea-1794-4580-aac2-f9fc26cf9968  x-ms-version: REDACTED  X-Content-Type-Options: REDACTED  Date: Mon, 23 Jan 2023 22:50:23 GMT  Connection: keep-alive  Content-Type: application/json; odata=minimalmetadata; streaming=true; charset=utf-8  Content-Length: 239	False	False
Tester.AzureUtils.Persistence.PersistenceStateTests_AzureTableGrainStorage.Grain_LongKeyExtended_AzureTableGrainStorage_Read_Write	timeout_blind	3	Failed	Orleans.Storage.TableStorageUpdateConditionNotSatisfiedException : Table storage condition not Satisfied.  GrainType: state, GrainId: new-test-storage-grain-with-extended-key/475B8050+979418056, TableName: OrleansGrainState, StoredETag: Unknown, CurrentETag:   ---- Azure.RequestFailedException : The specified entity already exists. RequestId:63bcc96e-d002-00a0-6e7d-2fcfa6000000 Time:2023-01-23T22:56:54.5854437Z  Status: 409 (Conflict)  ErrorCode: EntityAlreadyExists    Content:  {"odata.error":{"code":"EntityAlreadyExists","message":{"lang":"en-US","value":"The specified entity already exists.\nRequestId:63bcc96e-d002-00a0-6e7d-2fcfa6000000\nTime:2023-01-23T22:56:54.5854437Z"}}}    Headers:  Cache-Control: no-cache  Server: Windows-Azure-Table/1.0,Microsoft-HTTPAPI/2.0  x-ms-request-id: 63bcc96e-d002-00a0-6e7d-2fcfa6000000  x-ms-client-request-id: bece5363-bc12-482c-a66d-11fc3dcf24f9  x-ms-version: REDACTED  X-Content-Type-Options: REDACTED  Preference-Applied: REDACTED  Date: Mon, 23 Jan 2023 22:56:54 GMT  Connection: keep-alive  Content-Type: application/json; odata=minimalmetadata; streaming=true; charset=utf-8  Content-Length: 203	False	False
Tester.AzureUtils.Persistence.PersistenceStateTests_AzureTableGrainStorage.Grain_LongKeyExtended_AzureTableGrainStorage_Read_Write	timeout_blind	4	Failed	Orleans.Storage.TableStorageUpdateConditionNotSatisfiedException : Table storage condition not Satisfied.  GrainType: state, GrainId: new-test-storage-grain-with-extended-key/5EDFD536+249534562, TableName: OrleansGrainState, StoredETag: Unknown, CurrentETag: W/"datetime'2023-01-23T22%3A57%3A37.5010532Z'"  ---- Azure.RequestFailedException : The update condition specified in the request was not satisfied. RequestId:72be8dee-2002-008b-497e-2f4f6a000000 Time:2023-01-23T22:57:38.4025040Z  Status: 412 (Precondition Failed)  ErrorCode: UpdateConditionNotSatisfied    Content:  {"odata.error":{"code":"UpdateConditionNotSatisfied","message":{"lang":"en-US","value":"The update condition specified in the request was not satisfied.\nRequestId:72be8dee-2002-008b-497e-2f4f6a000000\nTime:2023-01-23T22:57:38.4025040Z"}}}    Headers:  Cache-Control: no-cache  Server: Windows-Azure-Table/1.0,Microsoft-HTTPAPI/2.0  x-ms-request-id: 72be8dee-2002-008b-497e-2f4f6a000000  x-ms-client-request-id: 7ac2302a-fb3e-46d9-9d72-768ef908e107  x-ms-version: REDACTED  X-Content-Type-Options: REDACTED  Date: Mon, 23 Jan 2023 22:57:37 GMT  Connection: keep-alive  Content-Type: application/json; odata=minimalmetadata; streaming=true; charset=utf-8  Content-Length: 239	False	False
Tester.AzureUtils.Persistence.PersistenceStateTests_AzureTableGrainStorage.Grain_LongKey_AzureTableGrainStorage_Read_Write	timeout_blind	3	Failed	Orleans.Storage.TableStorageUpdateConditionNotSatisfiedException : Table storage condition not Satisfied.  GrainType: state, GrainId: new-test-storage-grain/31B61B86, TableName: OrleansGrainState, StoredETag: Unknown, CurrentETag:   ---- Azure.RequestFailedException : The specified entity already exists. RequestId:41f587d3-e002-003d-6e7e-2f3d1c000000 Time:2023-01-23T23:04:07.1413713Z  Status: 409 (Conflict)  ErrorCode: EntityAlreadyExists    Content:  {"odata.error":{"code":"EntityAlreadyExists","message":{"lang":"en-US","value":"The specified entity already exists.\nRequestId:41f587d3-e002-003d-6e7e-2f3d1c000000\nTime:2023-01-23T23:04:07.1413713Z"}}}    Headers:  Cache-Control: no-cache  Server: Windows-Azure-Table/1.0,Microsoft-HTTPAPI/2.0  x-ms-request-id: 41f587d3-e002-003d-6e7e-2f3d1c000000  x-ms-client-request-id: 03b185ce-80e5-4ba3-8c3c-b3232fe9160b  x-ms-version: REDACTED  X-Content-Type-Options: REDACTED  Preference-Applied: REDACTED  Date: Mon, 23 Jan 2023 23:04:06 GMT  Connection: keep-alive  Content-Type: application/json; odata=minimalmetadata; streaming=true; charset=utf-8  Content-Length: 203	False	False
Tester.AzureUtils.Persistence.PersistenceStateTests_AzureTableGrainStorage.Grain_LongKey_AzureTableGrainStorage_Read_Write	timeout_blind	4	Failed	Orleans.Storage.TableStorageUpdateConditionNotSatisfiedException : Table storage condition not Satisfied.  GrainType: state, GrainId: new-test-storage-grain/4237B97D, TableName: OrleansGrainState, StoredETag: Unknown, CurrentETag: W/"datetime'2023-01-23T23%3A04%3A51.1199085Z'"  ---- Azure.RequestFailedException : The update condition specified in the request was not satisfied. RequestId:b214d08a-9002-0055-117f-2f5b8c000000 Time:2023-01-23T23:04:52.0054895Z  Status: 412 (Precondition Failed)  ErrorCode: UpdateConditionNotSatisfied    Content:  {"odata.error":{"code":"UpdateConditionNotSatisfied","message":{"lang":"en-US","value":"The update condition specified in the request was not satisfied.\nRequestId:b214d08a-9002-0055-117f-2f5b8c000000\nTime:2023-01-23T23:04:52.0054895Z"}}}    Headers:  Cache-Control: no-cache  Server: Windows-Azure-Table/1.0,Microsoft-HTTPAPI/2.0  x-ms-request-id: b214d08a-9002-0055-117f-2f5b8c000000  x-ms-client-request-id: d0370faa-2b2e-4ac0-8219-81fdb0762270  x-ms-version: REDACTED  X-Content-Type-Options: REDACTED  Date: Mon, 23 Jan 2023 23:04:51 GMT  Connection: keep-alive  Content-Type: application/json; odata=minimalmetadata; streaming=true; charset=utf-8  Content-Length: 239	False	False
