['C:\\Users\\anna\\orleans\\src\\Azure\\Orleans.Clustering.AzureStorage\\OrleansSiloInstanceManager.cs:255:Azure.Data.Tables;Azure.Data.Tables.TableClient.GetEntityAsync(string,string,System.Collections.Generic.IEnumerable`1[string],System.Threading.CancellationToken):Orleans.AzureUtils.OrleansSiloInstanceManager.TryCreateTableVersionEntryAsync(?)']	4
['C:\\Users\\anna\\orleans\\src\\Azure\\Orleans.Persistence.AzureStorage\\Providers\\Storage\\AzureTableStorage.cs:409:Azure.Data.Tables;Azure.Data.Tables.TableClient.GetEntityAsync(string,string,System.Collections.Generic.IEnumerable`1[string],System.Threading.CancellationToken):Orleans.Storage.AzureTableGrainStorage.GrainStateTableDataManager.Read(?)']	3
['C:\\Users\\anna\\orleans\\src\\Azure\\Shared\\Storage\\AzureTableDataManager.cs:171:Azure.Data.Tables;Azure.Data.Tables.TableClient.AddEntityAsync(!!0,System.Threading.CancellationToken):Orleans.Clustering.AzureStorage.AzureTableDataManager`1.CreateTableEntryAsync[](?)']	4
['C:\\Users\\anna\\orleans\\src\\Azure\\Shared\\Storage\\AzureTableDataManager.cs:171:Azure.Data.Tables;Azure.Data.Tables.TableClient.AddEntityAsync(!!0,System.Threading.CancellationToken):Orleans.Persistence.AzureStorage.AzureTableDataManager`1.CreateTableEntryAsync[](?)']	1
['C:\\Users\\anna\\orleans\\src\\Azure\\Shared\\Storage\\AzureTableDataManager.cs:322:Azure.Data.Tables;Azure.Data.Tables.TableClient.UpdateEntityAsync(!!0,Azure.ETag,Azure.Data.Tables.TableUpdateMode,System.Threading.CancellationToken):Orleans.Persistence.AzureStorage.AzureTableDataManager`1.UpdateTableEntryAsync[](?)']	1
['C:\\Users\\anna\\orleans\\src\\Azure\\Shared\\Storage\\AzureTableDataManager.cs:529:Azure.Data.Tables;Azure.Data.Tables.TableRestClient.QueryEntitiesAsync(string,System.Nullable`1[int],string,string,Azure.Data.Tables.Models.QueryOptions,System.Threading.CancellationToken):Orleans.Clustering.AzureStorage.AzureTableDataManager`1.<>c__DisplayClass31_1.<ReadTableEntriesAndEtagsAsync>b__1(Int32 counter)']	29
['C:\\Users\\anna\\orleans\\src\\Azure\\Shared\\Storage\\AzureTableDataManager.cs:620:Azure.Data.Tables;Azure.Data.Tables.TableClient.SubmitTransactionAsync(System.Collections.Generic.IEnumerable`1[Azure.Data.Tables.TableTransactionAction],System.Threading.CancellationToken):Orleans.Clustering.AzureStorage.AzureTableDataManager`1.InsertTwoTableEntriesConditionallyAsync[](?)']	8
['C:\\Users\\anna\\orleans\\src\\Azure\\Shared\\Storage\\AzureTableDataManager.cs:666:Azure.Data.Tables;Azure.Data.Tables.TableClient.SubmitTransactionAsync(System.Collections.Generic.IEnumerable`1[Azure.Data.Tables.TableTransactionAction],System.Threading.CancellationToken):Orleans.Clustering.AzureStorage.AzureTableDataManager`1.UpdateTwoTableEntriesConditionallyAsync[](?)']	14
['C:\\Users\\anna\\orleans\\src\\Azure\\Shared\\Storage\\AzureTableDataManager.cs:84:Azure.Data.Tables;Azure.Data.Tables.TableClient.CreateIfNotExistsAsync(System.Threading.CancellationToken):Orleans.Clustering.AzureStorage.AzureTableDataManager`1.InitTableAsync[](?)']	5
['C:\\Users\\anna\\orleans\\src\\Azure\\Shared\\Storage\\AzureTableDataManager.cs:84:Azure.Data.Tables;Azure.Data.Tables.TableClient.CreateIfNotExistsAsync(System.Threading.CancellationToken):Orleans.Persistence.AzureStorage.AzureTableDataManager`1.InitTableAsync[](?)']	4
