REST_API	TESTS_CALLING_THE_REST_API
"127.0.0.1:10002 GET Path = /devstoreaccount1/OrleansSiloInstances() status_code = 200 reason_phrase = OK $filter=[""(PartitionKey eq 'test-088896ec-1bc5-4519-bc9b-29e05d941763') and ((RowKey eq '127.0.0.1-12345-1') or (RowKey eq 'VersionRow'))""] $format=['application/json;odata=minimalmetadata']"	['Tester.AzureUtils.AzureMembershipTableTests.MembershipTable_Azure_ReadRow_Insert_Read']
"127.0.0.1:10002 GET Path = /devstoreaccount1/OrleansSiloInstances() status_code = 200 reason_phrase = OK $filter=[""(PartitionKey eq 'test-7612db82-3bfe-44e4-a474-de23779d9ac2') and ((RowKey eq '127.0.0.1-12345-1') or (RowKey eq 'VersionRow'))""] $format=['application/json;odata=minimalmetadata']"	['Tester.AzureUtils.AzureMembershipTableTests.MembershipTable_Azure_GetGateways']
"127.0.0.1:10002 GET Path = /devstoreaccount1/OrleansSiloInstances() status_code = 200 reason_phrase = OK $filter=[""(PartitionKey eq 'test-7612db82-3bfe-44e4-a474-de23779d9ac2') and ((RowKey eq '127.0.0.1-12345-10') or (RowKey eq 'VersionRow'))""] $format=['application/json;odata=minimalmetadata']"	['Tester.AzureUtils.AzureMembershipTableTests.MembershipTable_Azure_GetGateways']
"127.0.0.1:10002 GET Path = /devstoreaccount1/OrleansSiloInstances() status_code = 200 reason_phrase = OK $filter=[""(PartitionKey eq 'test-7612db82-3bfe-44e4-a474-de23779d9ac2') and ((RowKey eq '127.0.0.1-12345-2') or (RowKey eq 'VersionRow'))""] $format=['application/json;odata=minimalmetadata']"	['Tester.AzureUtils.AzureMembershipTableTests.MembershipTable_Azure_GetGateways']
"127.0.0.1:10002 GET Path = /devstoreaccount1/OrleansSiloInstances() status_code = 200 reason_phrase = OK $filter=[""(PartitionKey eq 'test-7612db82-3bfe-44e4-a474-de23779d9ac2') and ((RowKey eq '127.0.0.1-12345-3') or (RowKey eq 'VersionRow'))""] $format=['application/json;odata=minimalmetadata']"	['Tester.AzureUtils.AzureMembershipTableTests.MembershipTable_Azure_GetGateways']
"127.0.0.1:10002 GET Path = /devstoreaccount1/OrleansSiloInstances() status_code = 200 reason_phrase = OK $filter=[""(PartitionKey eq 'test-7612db82-3bfe-44e4-a474-de23779d9ac2') and ((RowKey eq '127.0.0.1-12345-4') or (RowKey eq 'VersionRow'))""] $format=['application/json;odata=minimalmetadata']"	['Tester.AzureUtils.AzureMembershipTableTests.MembershipTable_Azure_GetGateways']
"127.0.0.1:10002 GET Path = /devstoreaccount1/OrleansSiloInstances() status_code = 200 reason_phrase = OK $filter=[""(PartitionKey eq 'test-7612db82-3bfe-44e4-a474-de23779d9ac2') and ((RowKey eq '127.0.0.1-12345-5') or (RowKey eq 'VersionRow'))""] $format=['application/json;odata=minimalmetadata']"	['Tester.AzureUtils.AzureMembershipTableTests.MembershipTable_Azure_GetGateways']
"127.0.0.1:10002 GET Path = /devstoreaccount1/OrleansSiloInstances() status_code = 200 reason_phrase = OK $filter=[""(PartitionKey eq 'test-7612db82-3bfe-44e4-a474-de23779d9ac2') and ((RowKey eq '127.0.0.1-12345-6') or (RowKey eq 'VersionRow'))""] $format=['application/json;odata=minimalmetadata']"	['Tester.AzureUtils.AzureMembershipTableTests.MembershipTable_Azure_GetGateways']
"127.0.0.1:10002 GET Path = /devstoreaccount1/OrleansSiloInstances() status_code = 200 reason_phrase = OK $filter=[""(PartitionKey eq 'test-7612db82-3bfe-44e4-a474-de23779d9ac2') and ((RowKey eq '127.0.0.1-12345-7') or (RowKey eq 'VersionRow'))""] $format=['application/json;odata=minimalmetadata']"	['Tester.AzureUtils.AzureMembershipTableTests.MembershipTable_Azure_GetGateways']
"127.0.0.1:10002 GET Path = /devstoreaccount1/OrleansSiloInstances() status_code = 200 reason_phrase = OK $filter=[""(PartitionKey eq 'test-7612db82-3bfe-44e4-a474-de23779d9ac2') and ((RowKey eq '127.0.0.1-12345-8') or (RowKey eq 'VersionRow'))""] $format=['application/json;odata=minimalmetadata']"	['Tester.AzureUtils.AzureMembershipTableTests.MembershipTable_Azure_GetGateways']
"127.0.0.1:10002 GET Path = /devstoreaccount1/OrleansSiloInstances() status_code = 200 reason_phrase = OK $filter=[""(PartitionKey eq 'test-7612db82-3bfe-44e4-a474-de23779d9ac2') and ((RowKey eq '127.0.0.1-12345-9') or (RowKey eq 'VersionRow'))""] $format=['application/json;odata=minimalmetadata']"	['Tester.AzureUtils.AzureMembershipTableTests.MembershipTable_Azure_GetGateways']
"127.0.0.1:10002 GET Path = /devstoreaccount1/OrleansSiloInstances() status_code = 200 reason_phrase = OK $filter=[""(PartitionKey eq 'test-89320688-9101-483b-8b6e-1b7ad0733d03') and ((RowKey eq '127.0.0.1-12345-1') or (RowKey eq 'VersionRow'))""] $format=['application/json;odata=minimalmetadata']"	['Tester.AzureUtils.AzureMembershipTableTests.MembershipTable_Azure_ReadRow_Insert_Read']
"127.0.0.1:10002 GET Path = /devstoreaccount1/OrleansSiloInstances() status_code = 200 reason_phrase = OK $filter=[""(PartitionKey eq 'test-af55b478-e1f4-4171-b3a2-a74d1a8ed310') and ((RowKey eq '127.0.0.1-12345-1') or (RowKey eq 'VersionRow'))""] $format=['application/json;odata=minimalmetadata']"	['Tester.AzureUtils.AzureMembershipTableTests.MembershipTable_Azure_ReadRow_Insert_Read']
"127.0.0.1:10002 GET Path = /devstoreaccount1/OrleansSiloInstances() status_code = 200 reason_phrase = OK $filter=[""(PartitionKey eq 'test-d5f53b80-11c9-4e49-83cf-9fe8ecd03663') and ((RowKey eq '127.0.0.1-12345-1') or (RowKey eq 'VersionRow'))""] $format=['application/json;odata=minimalmetadata']"	['Tester.AzureUtils.AzureMembershipTableTests.MembershipTable_Azure_GetGateways']
"127.0.0.1:10002 GET Path = /devstoreaccount1/OrleansSiloInstances() status_code = 200 reason_phrase = OK $filter=[""(PartitionKey eq 'test-d5f53b80-11c9-4e49-83cf-9fe8ecd03663') and ((RowKey eq '127.0.0.1-12345-10') or (RowKey eq 'VersionRow'))""] $format=['application/json;odata=minimalmetadata']"	['Tester.AzureUtils.AzureMembershipTableTests.MembershipTable_Azure_GetGateways']
"127.0.0.1:10002 GET Path = /devstoreaccount1/OrleansSiloInstances() status_code = 200 reason_phrase = OK $filter=[""(PartitionKey eq 'test-d5f53b80-11c9-4e49-83cf-9fe8ecd03663') and ((RowKey eq '127.0.0.1-12345-2') or (RowKey eq 'VersionRow'))""] $format=['application/json;odata=minimalmetadata']"	['Tester.AzureUtils.AzureMembershipTableTests.MembershipTable_Azure_GetGateways']
"127.0.0.1:10002 GET Path = /devstoreaccount1/OrleansSiloInstances() status_code = 200 reason_phrase = OK $filter=[""(PartitionKey eq 'test-d5f53b80-11c9-4e49-83cf-9fe8ecd03663') and ((RowKey eq '127.0.0.1-12345-3') or (RowKey eq 'VersionRow'))""] $format=['application/json;odata=minimalmetadata']"	['Tester.AzureUtils.AzureMembershipTableTests.MembershipTable_Azure_GetGateways']
"127.0.0.1:10002 GET Path = /devstoreaccount1/OrleansSiloInstances() status_code = 200 reason_phrase = OK $filter=[""(PartitionKey eq 'test-d5f53b80-11c9-4e49-83cf-9fe8ecd03663') and ((RowKey eq '127.0.0.1-12345-4') or (RowKey eq 'VersionRow'))""] $format=['application/json;odata=minimalmetadata']"	['Tester.AzureUtils.AzureMembershipTableTests.MembershipTable_Azure_GetGateways']
"127.0.0.1:10002 GET Path = /devstoreaccount1/OrleansSiloInstances() status_code = 200 reason_phrase = OK $filter=[""(PartitionKey eq 'test-d5f53b80-11c9-4e49-83cf-9fe8ecd03663') and ((RowKey eq '127.0.0.1-12345-5') or (RowKey eq 'VersionRow'))""] $format=['application/json;odata=minimalmetadata']"	['Tester.AzureUtils.AzureMembershipTableTests.MembershipTable_Azure_GetGateways']
"127.0.0.1:10002 GET Path = /devstoreaccount1/OrleansSiloInstances() status_code = 200 reason_phrase = OK $filter=[""(PartitionKey eq 'test-d5f53b80-11c9-4e49-83cf-9fe8ecd03663') and ((RowKey eq '127.0.0.1-12345-6') or (RowKey eq 'VersionRow'))""] $format=['application/json;odata=minimalmetadata']"	['Tester.AzureUtils.AzureMembershipTableTests.MembershipTable_Azure_GetGateways']
"127.0.0.1:10002 GET Path = /devstoreaccount1/OrleansSiloInstances() status_code = 200 reason_phrase = OK $filter=[""(PartitionKey eq 'test-d5f53b80-11c9-4e49-83cf-9fe8ecd03663') and ((RowKey eq '127.0.0.1-12345-7') or (RowKey eq 'VersionRow'))""] $format=['application/json;odata=minimalmetadata']"	['Tester.AzureUtils.AzureMembershipTableTests.MembershipTable_Azure_GetGateways']
"127.0.0.1:10002 GET Path = /devstoreaccount1/OrleansSiloInstances() status_code = 200 reason_phrase = OK $filter=[""(PartitionKey eq 'test-d5f53b80-11c9-4e49-83cf-9fe8ecd03663') and ((RowKey eq '127.0.0.1-12345-8') or (RowKey eq 'VersionRow'))""] $format=['application/json;odata=minimalmetadata']"	['Tester.AzureUtils.AzureMembershipTableTests.MembershipTable_Azure_GetGateways']
"127.0.0.1:10002 GET Path = /devstoreaccount1/OrleansSiloInstances() status_code = 200 reason_phrase = OK $filter=[""(PartitionKey eq 'test-d5f53b80-11c9-4e49-83cf-9fe8ecd03663') and ((RowKey eq '127.0.0.1-12345-9') or (RowKey eq 'VersionRow'))""] $format=['application/json;odata=minimalmetadata']"	['Tester.AzureUtils.AzureMembershipTableTests.MembershipTable_Azure_GetGateways']
"127.0.0.1:10002 GET Path = /devstoreaccount1/OrleansSiloInstances() status_code = 200 reason_phrase = OK $filter=[""(PartitionKey eq 'test-d7421b10-207a-498f-9460-d77785471608') and ((RowKey eq '127.0.0.1-12345-1') or (RowKey eq 'VersionRow'))""] $format=['application/json;odata=minimalmetadata']"	['Tester.AzureUtils.AzureMembershipTableTests.MembershipTable_Azure_GetGateways']
"127.0.0.1:10002 GET Path = /devstoreaccount1/OrleansSiloInstances() status_code = 200 reason_phrase = OK $filter=[""(PartitionKey eq 'test-d7421b10-207a-498f-9460-d77785471608') and ((RowKey eq '127.0.0.1-12345-10') or (RowKey eq 'VersionRow'))""] $format=['application/json;odata=minimalmetadata']"	['Tester.AzureUtils.AzureMembershipTableTests.MembershipTable_Azure_GetGateways']
"127.0.0.1:10002 GET Path = /devstoreaccount1/OrleansSiloInstances() status_code = 200 reason_phrase = OK $filter=[""(PartitionKey eq 'test-d7421b10-207a-498f-9460-d77785471608') and ((RowKey eq '127.0.0.1-12345-2') or (RowKey eq 'VersionRow'))""] $format=['application/json;odata=minimalmetadata']"	['Tester.AzureUtils.AzureMembershipTableTests.MembershipTable_Azure_GetGateways']
"127.0.0.1:10002 GET Path = /devstoreaccount1/OrleansSiloInstances() status_code = 200 reason_phrase = OK $filter=[""(PartitionKey eq 'test-d7421b10-207a-498f-9460-d77785471608') and ((RowKey eq '127.0.0.1-12345-3') or (RowKey eq 'VersionRow'))""] $format=['application/json;odata=minimalmetadata']"	['Tester.AzureUtils.AzureMembershipTableTests.MembershipTable_Azure_GetGateways']
"127.0.0.1:10002 GET Path = /devstoreaccount1/OrleansSiloInstances() status_code = 200 reason_phrase = OK $filter=[""(PartitionKey eq 'test-d7421b10-207a-498f-9460-d77785471608') and ((RowKey eq '127.0.0.1-12345-4') or (RowKey eq 'VersionRow'))""] $format=['application/json;odata=minimalmetadata']"	['Tester.AzureUtils.AzureMembershipTableTests.MembershipTable_Azure_GetGateways']
"127.0.0.1:10002 GET Path = /devstoreaccount1/OrleansSiloInstances() status_code = 200 reason_phrase = OK $filter=[""(PartitionKey eq 'test-d7421b10-207a-498f-9460-d77785471608') and ((RowKey eq '127.0.0.1-12345-5') or (RowKey eq 'VersionRow'))""] $format=['application/json;odata=minimalmetadata']"	['Tester.AzureUtils.AzureMembershipTableTests.MembershipTable_Azure_GetGateways']
"127.0.0.1:10002 GET Path = /devstoreaccount1/OrleansSiloInstances() status_code = 200 reason_phrase = OK $filter=[""(PartitionKey eq 'test-d7421b10-207a-498f-9460-d77785471608') and ((RowKey eq '127.0.0.1-12345-6') or (RowKey eq 'VersionRow'))""] $format=['application/json;odata=minimalmetadata']"	['Tester.AzureUtils.AzureMembershipTableTests.MembershipTable_Azure_GetGateways']
"127.0.0.1:10002 GET Path = /devstoreaccount1/OrleansSiloInstances() status_code = 200 reason_phrase = OK $filter=[""(PartitionKey eq 'test-d7421b10-207a-498f-9460-d77785471608') and ((RowKey eq '127.0.0.1-12345-7') or (RowKey eq 'VersionRow'))""] $format=['application/json;odata=minimalmetadata']"	['Tester.AzureUtils.AzureMembershipTableTests.MembershipTable_Azure_GetGateways']
"127.0.0.1:10002 GET Path = /devstoreaccount1/OrleansSiloInstances() status_code = 200 reason_phrase = OK $filter=[""(PartitionKey eq 'test-d7421b10-207a-498f-9460-d77785471608') and ((RowKey eq '127.0.0.1-12345-8') or (RowKey eq 'VersionRow'))""] $format=['application/json;odata=minimalmetadata']"	['Tester.AzureUtils.AzureMembershipTableTests.MembershipTable_Azure_GetGateways']
"127.0.0.1:10002 GET Path = /devstoreaccount1/OrleansSiloInstances() status_code = 200 reason_phrase = OK $filter=[""(PartitionKey eq 'test-d7421b10-207a-498f-9460-d77785471608') and ((RowKey eq '127.0.0.1-12345-9') or (RowKey eq 'VersionRow'))""] $format=['application/json;odata=minimalmetadata']"	['Tester.AzureUtils.AzureMembershipTableTests.MembershipTable_Azure_GetGateways']
"127.0.0.1:10002 GET Path = /devstoreaccount1/OrleansSiloInstances() status_code = 200 reason_phrase = OK $filter=[""(PartitionKey eq 'test-e37b2cc2-4e39-45c5-b75a-96309629f49c') and ((RowKey eq '127.0.0.1-12345-1') or (RowKey eq 'VersionRow'))""] $format=['application/json;odata=minimalmetadata']"	['Tester.AzureUtils.AzureMembershipTableTests.MembershipTable_Azure_ReadRow_Insert_Read']
"127.0.0.1:10002 GET Path = /devstoreaccount1/OrleansSiloInstances() status_code = 200 reason_phrase = OK $filter=[""(PartitionKey eq 'test-e717a2da-5291-409f-849b-484ad3c745f9') and ((RowKey eq '127.0.0.1-12345-1') or (RowKey eq 'VersionRow'))""] $format=['application/json;odata=minimalmetadata']"	['Tester.AzureUtils.AzureMembershipTableTests.MembershipTable_Azure_GetGateways']
"127.0.0.1:10002 GET Path = /devstoreaccount1/OrleansSiloInstances() status_code = 200 reason_phrase = OK $filter=[""(PartitionKey eq 'test-e717a2da-5291-409f-849b-484ad3c745f9') and ((RowKey eq '127.0.0.1-12345-10') or (RowKey eq 'VersionRow'))""] $format=['application/json;odata=minimalmetadata']"	['Tester.AzureUtils.AzureMembershipTableTests.MembershipTable_Azure_GetGateways']
"127.0.0.1:10002 GET Path = /devstoreaccount1/OrleansSiloInstances() status_code = 200 reason_phrase = OK $filter=[""(PartitionKey eq 'test-e717a2da-5291-409f-849b-484ad3c745f9') and ((RowKey eq '127.0.0.1-12345-2') or (RowKey eq 'VersionRow'))""] $format=['application/json;odata=minimalmetadata']"	['Tester.AzureUtils.AzureMembershipTableTests.MembershipTable_Azure_GetGateways']
"127.0.0.1:10002 GET Path = /devstoreaccount1/OrleansSiloInstances() status_code = 200 reason_phrase = OK $filter=[""(PartitionKey eq 'test-e717a2da-5291-409f-849b-484ad3c745f9') and ((RowKey eq '127.0.0.1-12345-3') or (RowKey eq 'VersionRow'))""] $format=['application/json;odata=minimalmetadata']"	['Tester.AzureUtils.AzureMembershipTableTests.MembershipTable_Azure_GetGateways']
"127.0.0.1:10002 GET Path = /devstoreaccount1/OrleansSiloInstances() status_code = 200 reason_phrase = OK $filter=[""(PartitionKey eq 'test-e717a2da-5291-409f-849b-484ad3c745f9') and ((RowKey eq '127.0.0.1-12345-4') or (RowKey eq 'VersionRow'))""] $format=['application/json;odata=minimalmetadata']"	['Tester.AzureUtils.AzureMembershipTableTests.MembershipTable_Azure_GetGateways']
"127.0.0.1:10002 GET Path = /devstoreaccount1/OrleansSiloInstances() status_code = 200 reason_phrase = OK $filter=[""(PartitionKey eq 'test-e717a2da-5291-409f-849b-484ad3c745f9') and ((RowKey eq '127.0.0.1-12345-5') or (RowKey eq 'VersionRow'))""] $format=['application/json;odata=minimalmetadata']"	['Tester.AzureUtils.AzureMembershipTableTests.MembershipTable_Azure_GetGateways']
"127.0.0.1:10002 GET Path = /devstoreaccount1/OrleansSiloInstances() status_code = 200 reason_phrase = OK $filter=[""(PartitionKey eq 'test-e717a2da-5291-409f-849b-484ad3c745f9') and ((RowKey eq '127.0.0.1-12345-6') or (RowKey eq 'VersionRow'))""] $format=['application/json;odata=minimalmetadata']"	['Tester.AzureUtils.AzureMembershipTableTests.MembershipTable_Azure_GetGateways']
"127.0.0.1:10002 GET Path = /devstoreaccount1/OrleansSiloInstances() status_code = 200 reason_phrase = OK $filter=[""(PartitionKey eq 'test-e717a2da-5291-409f-849b-484ad3c745f9') and ((RowKey eq '127.0.0.1-12345-7') or (RowKey eq 'VersionRow'))""] $format=['application/json;odata=minimalmetadata']"	['Tester.AzureUtils.AzureMembershipTableTests.MembershipTable_Azure_GetGateways']
"127.0.0.1:10002 GET Path = /devstoreaccount1/OrleansSiloInstances() status_code = 200 reason_phrase = OK $filter=[""(PartitionKey eq 'test-e717a2da-5291-409f-849b-484ad3c745f9') and ((RowKey eq '127.0.0.1-12345-8') or (RowKey eq 'VersionRow'))""] $format=['application/json;odata=minimalmetadata']"	['Tester.AzureUtils.AzureMembershipTableTests.MembershipTable_Azure_GetGateways']
"127.0.0.1:10002 GET Path = /devstoreaccount1/OrleansSiloInstances() status_code = 200 reason_phrase = OK $filter=[""(PartitionKey eq 'test-e717a2da-5291-409f-849b-484ad3c745f9') and ((RowKey eq '127.0.0.1-12345-9') or (RowKey eq 'VersionRow'))""] $format=['application/json;odata=minimalmetadata']"	['Tester.AzureUtils.AzureMembershipTableTests.MembershipTable_Azure_GetGateways']
"127.0.0.1:10002 GET Path = /devstoreaccount1/OrleansSiloInstances() status_code = 200 reason_phrase = OK $filter=[""(PartitionKey eq 'test-e923e2d5-9e1c-40dd-86f4-1330f7ba8ebc') and ((RowKey eq '127.0.0.1-12345-1') or (RowKey eq 'VersionRow'))""] $format=['application/json;odata=minimalmetadata']"	['Tester.AzureUtils.AzureMembershipTableTests.MembershipTable_Azure_GetGateways']
"127.0.0.1:10002 GET Path = /devstoreaccount1/OrleansSiloInstances() status_code = 200 reason_phrase = OK $filter=[""(PartitionKey eq 'test-e923e2d5-9e1c-40dd-86f4-1330f7ba8ebc') and ((RowKey eq '127.0.0.1-12345-10') or (RowKey eq 'VersionRow'))""] $format=['application/json;odata=minimalmetadata']"	['Tester.AzureUtils.AzureMembershipTableTests.MembershipTable_Azure_GetGateways']
"127.0.0.1:10002 GET Path = /devstoreaccount1/OrleansSiloInstances() status_code = 200 reason_phrase = OK $filter=[""(PartitionKey eq 'test-e923e2d5-9e1c-40dd-86f4-1330f7ba8ebc') and ((RowKey eq '127.0.0.1-12345-2') or (RowKey eq 'VersionRow'))""] $format=['application/json;odata=minimalmetadata']"	['Tester.AzureUtils.AzureMembershipTableTests.MembershipTable_Azure_GetGateways']
"127.0.0.1:10002 GET Path = /devstoreaccount1/OrleansSiloInstances() status_code = 200 reason_phrase = OK $filter=[""(PartitionKey eq 'test-e923e2d5-9e1c-40dd-86f4-1330f7ba8ebc') and ((RowKey eq '127.0.0.1-12345-3') or (RowKey eq 'VersionRow'))""] $format=['application/json;odata=minimalmetadata']"	['Tester.AzureUtils.AzureMembershipTableTests.MembershipTable_Azure_GetGateways']
"127.0.0.1:10002 GET Path = /devstoreaccount1/OrleansSiloInstances() status_code = 200 reason_phrase = OK $filter=[""(PartitionKey eq 'test-e923e2d5-9e1c-40dd-86f4-1330f7ba8ebc') and ((RowKey eq '127.0.0.1-12345-4') or (RowKey eq 'VersionRow'))""] $format=['application/json;odata=minimalmetadata']"	['Tester.AzureUtils.AzureMembershipTableTests.MembershipTable_Azure_GetGateways']
"127.0.0.1:10002 GET Path = /devstoreaccount1/OrleansSiloInstances() status_code = 200 reason_phrase = OK $filter=[""(PartitionKey eq 'test-e923e2d5-9e1c-40dd-86f4-1330f7ba8ebc') and ((RowKey eq '127.0.0.1-12345-5') or (RowKey eq 'VersionRow'))""] $format=['application/json;odata=minimalmetadata']"	['Tester.AzureUtils.AzureMembershipTableTests.MembershipTable_Azure_GetGateways']
"127.0.0.1:10002 GET Path = /devstoreaccount1/OrleansSiloInstances() status_code = 200 reason_phrase = OK $filter=[""(PartitionKey eq 'test-e923e2d5-9e1c-40dd-86f4-1330f7ba8ebc') and ((RowKey eq '127.0.0.1-12345-6') or (RowKey eq 'VersionRow'))""] $format=['application/json;odata=minimalmetadata']"	['Tester.AzureUtils.AzureMembershipTableTests.MembershipTable_Azure_GetGateways']
"127.0.0.1:10002 GET Path = /devstoreaccount1/OrleansSiloInstances() status_code = 200 reason_phrase = OK $filter=[""(PartitionKey eq 'test-e923e2d5-9e1c-40dd-86f4-1330f7ba8ebc') and ((RowKey eq '127.0.0.1-12345-7') or (RowKey eq 'VersionRow'))""] $format=['application/json;odata=minimalmetadata']"	['Tester.AzureUtils.AzureMembershipTableTests.MembershipTable_Azure_GetGateways']
"127.0.0.1:10002 GET Path = /devstoreaccount1/OrleansSiloInstances() status_code = 200 reason_phrase = OK $filter=[""(PartitionKey eq 'test-e923e2d5-9e1c-40dd-86f4-1330f7ba8ebc') and ((RowKey eq '127.0.0.1-12345-8') or (RowKey eq 'VersionRow'))""] $format=['application/json;odata=minimalmetadata']"	['Tester.AzureUtils.AzureMembershipTableTests.MembershipTable_Azure_GetGateways']
"127.0.0.1:10002 GET Path = /devstoreaccount1/OrleansSiloInstances() status_code = 200 reason_phrase = OK $filter=[""(PartitionKey eq 'test-e923e2d5-9e1c-40dd-86f4-1330f7ba8ebc') and ((RowKey eq '127.0.0.1-12345-9') or (RowKey eq 'VersionRow'))""] $format=['application/json;odata=minimalmetadata']"	['Tester.AzureUtils.AzureMembershipTableTests.MembershipTable_Azure_GetGateways']
"127.0.0.1:10002 GET Path = /devstoreaccount1/OrleansSiloInstances() status_code = 200 reason_phrase = OK $filter=[""(PartitionKey eq 'test-eb37e900-f1aa-4019-b39c-a5f71f077b1a') and ((RowKey eq '127.0.0.1-12345-1') or (RowKey eq 'VersionRow'))""] $format=['application/json;odata=minimalmetadata']"	['Tester.AzureUtils.AzureMembershipTableTests.MembershipTable_Azure_ReadRow_Insert_Read']
"127.0.0.1:10002 GET Path = /devstoreaccount1/OrleansSiloInstances() status_code = 200 reason_phrase = OK $filter=[""PartitionKey eq 'test-01940f7d-416b-4320-9521-8f36a5c9028b'""] $format=['application/json;odata=minimalmetadata']"	['Tester.AzureUtils.AzureMembershipTableTests.MembershipTable_Azure_UpdateIAmAlive']
"127.0.0.1:10002 GET Path = /devstoreaccount1/OrleansSiloInstances() status_code = 200 reason_phrase = OK $filter=[""PartitionKey eq 'test-06b9b3e2-86d1-414e-86a4-c743d211ab42'""] $format=['application/json;odata=minimalmetadata']"	['Tester.AzureUtils.AzureMembershipTableTests.MembershipTable_Azure_GetGateways']
"127.0.0.1:10002 GET Path = /devstoreaccount1/OrleansSiloInstances() status_code = 200 reason_phrase = OK $filter=[""PartitionKey eq 'test-088896ec-1bc5-4519-bc9b-29e05d941763'""] $format=['application/json;odata=minimalmetadata']"	['Tester.AzureUtils.AzureMembershipTableTests.MembershipTable_Azure_ReadRow_Insert_Read']
"127.0.0.1:10002 GET Path = /devstoreaccount1/OrleansSiloInstances() status_code = 200 reason_phrase = OK $filter=[""PartitionKey eq 'test-0893b6c8-9231-4eb0-84ed-e2f8ac18520b'""] $format=['application/json;odata=minimalmetadata']"	['Tester.AzureUtils.AzureMembershipTableTests.MembershipTable_Azure_UpdateRowInParallel']
"127.0.0.1:10002 GET Path = /devstoreaccount1/OrleansSiloInstances() status_code = 200 reason_phrase = OK $filter=[""PartitionKey eq 'test-0aca0694-136f-41a9-982e-1fbefe1657fe'""] $format=['application/json;odata=minimalmetadata']"	['Tester.AzureUtils.AzureMembershipTableTests.MembershipTable_Azure_ReadAll_EmptyTable']
"127.0.0.1:10002 GET Path = /devstoreaccount1/OrleansSiloInstances() status_code = 200 reason_phrase = OK $filter=[""PartitionKey eq 'test-0c29387c-4117-49d8-bff3-d6aaf89f7faa'""] $format=['application/json;odata=minimalmetadata']"	['Tester.AzureUtils.AzureMembershipTableTests.MembershipTable_Azure_InsertRow']
"127.0.0.1:10002 GET Path = /devstoreaccount1/OrleansSiloInstances() status_code = 200 reason_phrase = OK $filter=[""PartitionKey eq 'test-0caefa1e-d397-483d-8454-0182a463fa82'""] $format=['application/json;odata=minimalmetadata']"	['Tester.AzureUtils.AzureMembershipTableTests.MembershipTable_Azure_ReadAll_EmptyTable']
"127.0.0.1:10002 GET Path = /devstoreaccount1/OrleansSiloInstances() status_code = 200 reason_phrase = OK $filter=[""PartitionKey eq 'test-154895ef-4239-4b0e-aba9-facdcc81d618'""] $format=['application/json;odata=minimalmetadata']"	['Tester.AzureUtils.AzureMembershipTableTests.MembershipTable_Azure_ReadAll_Insert_ReadAll']
"127.0.0.1:10002 GET Path = /devstoreaccount1/OrleansSiloInstances() status_code = 200 reason_phrase = OK $filter=[""PartitionKey eq 'test-1731be99-6041-4c7a-9788-e282ef2c8374'""] $format=['application/json;odata=minimalmetadata']"	['Tester.AzureUtils.AzureMembershipTableTests.MembershipTable_Azure_UpdateIAmAlive']
"127.0.0.1:10002 GET Path = /devstoreaccount1/OrleansSiloInstances() status_code = 200 reason_phrase = OK $filter=[""PartitionKey eq 'test-208f244c-58e7-4abd-8fe5-3bc1c3027af9'""] $format=['application/json;odata=minimalmetadata']"	['Tester.AzureUtils.AzureMembershipTableTests.MembershipTable_Azure_ReadAll_Insert_ReadAll']
"127.0.0.1:10002 GET Path = /devstoreaccount1/OrleansSiloInstances() status_code = 200 reason_phrase = OK $filter=[""PartitionKey eq 'test-235541a1-615a-43e1-8194-610e8abcdc12'""] $format=['application/json;odata=minimalmetadata']"	['Tester.AzureUtils.AzureMembershipTableTests.MembershipTable_Azure_InsertRow']
"127.0.0.1:10002 GET Path = /devstoreaccount1/OrleansSiloInstances() status_code = 200 reason_phrase = OK $filter=[""PartitionKey eq 'test-26b4bcef-fdf2-4261-ac27-e98840c023ae'""] $format=['application/json;odata=minimalmetadata']"	['Tester.AzureUtils.AzureMembershipTableTests.MembershipTable_Azure_ReadAll_Insert_ReadAll']
"127.0.0.1:10002 GET Path = /devstoreaccount1/OrleansSiloInstances() status_code = 200 reason_phrase = OK $filter=[""PartitionKey eq 'test-2b7fae28-619e-4dc3-b356-65706c55ff6e'""] $format=['application/json;odata=minimalmetadata']"	['Tester.AzureUtils.AzureMembershipTableTests.MembershipTable_Azure_ReadRow_Insert_Read']
"127.0.0.1:10002 GET Path = /devstoreaccount1/OrleansSiloInstances() status_code = 200 reason_phrase = OK $filter=[""PartitionKey eq 'test-35dbec1e-6c34-4298-a473-aceed4d7d4de'""] $format=['application/json;odata=minimalmetadata']"	['Tester.AzureUtils.AzureMembershipTableTests.MembershipTable_Azure_ReadAll_EmptyTable']
"127.0.0.1:10002 GET Path = /devstoreaccount1/OrleansSiloInstances() status_code = 200 reason_phrase = OK $filter=[""PartitionKey eq 'test-3dac6392-c106-460d-9d38-8c3741b58346'""] $format=['application/json;odata=minimalmetadata']"	['Tester.AzureUtils.AzureMembershipTableTests.MembershipTable_Azure_InsertRow']
"127.0.0.1:10002 GET Path = /devstoreaccount1/OrleansSiloInstances() status_code = 200 reason_phrase = OK $filter=[""PartitionKey eq 'test-3ee3654a-31c0-4ade-9cd1-e64376d8de0a'""] $format=['application/json;odata=minimalmetadata']"	['Tester.AzureUtils.AzureMembershipTableTests.MembershipTable_Azure_UpdateRow']
"127.0.0.1:10002 GET Path = /devstoreaccount1/OrleansSiloInstances() status_code = 200 reason_phrase = OK $filter=[""PartitionKey eq 'test-44675ea9-e23b-43b7-b6b9-6950309c47c0'""] $format=['application/json;odata=minimalmetadata']"	['Tester.AzureUtils.AzureMembershipTableTests.MembershipTable_Azure_UpdateRowInParallel']
"127.0.0.1:10002 GET Path = /devstoreaccount1/OrleansSiloInstances() status_code = 200 reason_phrase = OK $filter=[""PartitionKey eq 'test-49146fc1-db75-408c-9107-fe23bd89026c'""] $format=['application/json;odata=minimalmetadata']"	['Tester.AzureUtils.AzureMembershipTableTests.MembershipTable_Azure_UpdateIAmAlive']
"127.0.0.1:10002 GET Path = /devstoreaccount1/OrleansSiloInstances() status_code = 200 reason_phrase = OK $filter=[""PartitionKey eq 'test-4a1ef156-46ed-4b13-9346-c80d2da3ac4e'""] $format=['application/json;odata=minimalmetadata']"	['Tester.AzureUtils.AzureMembershipTableTests.MembershipTable_Azure_InsertRow']
"127.0.0.1:10002 GET Path = /devstoreaccount1/OrleansSiloInstances() status_code = 200 reason_phrase = OK $filter=[""PartitionKey eq 'test-4ec3e605-bda5-4f91-b564-1f499fb666a5'""] $format=['application/json;odata=minimalmetadata']"	['Tester.AzureUtils.AzureMembershipTableTests.MembershipTable_Azure_UpdateRowInParallel']
"127.0.0.1:10002 GET Path = /devstoreaccount1/OrleansSiloInstances() status_code = 200 reason_phrase = OK $filter=[""PartitionKey eq 'test-51ddf48c-8f10-4bf9-a10f-5daea2ce229d'""] $format=['application/json;odata=minimalmetadata']"	['Tester.AzureUtils.AzureMembershipTableTests.MembershipTable_Azure_UpdateRowInParallel']
"127.0.0.1:10002 GET Path = /devstoreaccount1/OrleansSiloInstances() status_code = 200 reason_phrase = OK $filter=[""PartitionKey eq 'test-5d6470f8-e6f0-49bc-b0d3-52a486caf892'""] $format=['application/json;odata=minimalmetadata']"	['Tester.AzureUtils.AzureMembershipTableTests.MembershipTable_Azure_UpdateRowInParallel']
"127.0.0.1:10002 GET Path = /devstoreaccount1/OrleansSiloInstances() status_code = 200 reason_phrase = OK $filter=[""PartitionKey eq 'test-70293175-01de-4fc0-83e9-24599ec66c80'""] $format=['application/json;odata=minimalmetadata']"	['Tester.AzureUtils.AzureMembershipTableTests.MembershipTable_Azure_Init']
"127.0.0.1:10002 GET Path = /devstoreaccount1/OrleansSiloInstances() status_code = 200 reason_phrase = OK $filter=[""PartitionKey eq 'test-714708f3-843a-4d07-ad68-7d0c3b45a440'""] $format=['application/json;odata=minimalmetadata']"	['Tester.AzureUtils.AzureMembershipTableTests.MembershipTable_Azure_Init']
"127.0.0.1:10002 GET Path = /devstoreaccount1/OrleansSiloInstances() status_code = 200 reason_phrase = OK $filter=[""PartitionKey eq 'test-7612db82-3bfe-44e4-a474-de23779d9ac2' and Status eq 'Active' and ProxyPort ne '0'""] $format=['application/json;odata=minimalmetadata']"	['Tester.AzureUtils.AzureMembershipTableTests.MembershipTable_Azure_GetGateways']
"127.0.0.1:10002 GET Path = /devstoreaccount1/OrleansSiloInstances() status_code = 200 reason_phrase = OK $filter=[""PartitionKey eq 'test-7612db82-3bfe-44e4-a474-de23779d9ac2'""] $format=['application/json;odata=minimalmetadata']"	['Tester.AzureUtils.AzureMembershipTableTests.MembershipTable_Azure_GetGateways']
"127.0.0.1:10002 GET Path = /devstoreaccount1/OrleansSiloInstances() status_code = 200 reason_phrase = OK $filter=[""PartitionKey eq 'test-778bff05-cd49-4116-bda8-94044e987803'""] $format=['application/json;odata=minimalmetadata']"	['Tester.AzureUtils.AzureMembershipTableTests.MembershipTable_Azure_ReadAll_EmptyTable']
"127.0.0.1:10002 GET Path = /devstoreaccount1/OrleansSiloInstances() status_code = 200 reason_phrase = OK $filter=[""PartitionKey eq 'test-7984d620-0010-4b55-b415-f09e66c9c2f0'""] $format=['application/json;odata=minimalmetadata']"	['Tester.AzureUtils.AzureMembershipTableTests.MembershipTable_Azure_Init']
"127.0.0.1:10002 GET Path = /devstoreaccount1/OrleansSiloInstances() status_code = 200 reason_phrase = OK $filter=[""PartitionKey eq 'test-7d2adb2e-2c8d-4d36-9de7-c4445c25dafb'""] $format=['application/json;odata=minimalmetadata']"	['Tester.AzureUtils.AzureMembershipTableTests.MembershipTable_Azure_UpdateIAmAlive']
"127.0.0.1:10002 GET Path = /devstoreaccount1/OrleansSiloInstances() status_code = 200 reason_phrase = OK $filter=[""PartitionKey eq 'test-8811f338-64b3-4e0d-86cb-6741427422a0'""] $format=['application/json;odata=minimalmetadata']"	['Tester.AzureUtils.AzureMembershipTableTests.MembershipTable_Azure_UpdateRow']
"127.0.0.1:10002 GET Path = /devstoreaccount1/OrleansSiloInstances() status_code = 200 reason_phrase = OK $filter=[""PartitionKey eq 'test-889a75cb-7536-494b-9545-bdb6f21b45cf'""] $format=['application/json;odata=minimalmetadata']"	['Tester.AzureUtils.AzureMembershipTableTests.MembershipTable_Azure_ReadAll_Insert_ReadAll']
"127.0.0.1:10002 GET Path = /devstoreaccount1/OrleansSiloInstances() status_code = 200 reason_phrase = OK $filter=[""PartitionKey eq 'test-89320688-9101-483b-8b6e-1b7ad0733d03'""] $format=['application/json;odata=minimalmetadata']"	['Tester.AzureUtils.AzureMembershipTableTests.MembershipTable_Azure_ReadRow_Insert_Read']
"127.0.0.1:10002 GET Path = /devstoreaccount1/OrleansSiloInstances() status_code = 200 reason_phrase = OK $filter=[""PartitionKey eq 'test-8a1ddc9a-3154-4a6a-bc7a-d912682ffd5a'""] $format=['application/json;odata=minimalmetadata']"	['Tester.AzureUtils.AzureMembershipTableTests.MembershipTable_Azure_Init']
"127.0.0.1:10002 GET Path = /devstoreaccount1/OrleansSiloInstances() status_code = 200 reason_phrase = OK $filter=[""PartitionKey eq 'test-98781de5-b81d-4cb3-98d8-e1112423b462'""] $format=['application/json;odata=minimalmetadata']"	['Tester.AzureUtils.AzureMembershipTableTests.MembershipTable_Azure_ReadAll_EmptyTable']
"127.0.0.1:10002 GET Path = /devstoreaccount1/OrleansSiloInstances() status_code = 200 reason_phrase = OK $filter=[""PartitionKey eq 'test-9c4f2f97-3cd3-4c46-8794-b95b7321dccf'""] $format=['application/json;odata=minimalmetadata']"	['Tester.AzureUtils.AzureMembershipTableTests.MembershipTable_Azure_UpdateIAmAlive']
"127.0.0.1:10002 GET Path = /devstoreaccount1/OrleansSiloInstances() status_code = 200 reason_phrase = OK $filter=[""PartitionKey eq 'test-9c52dfe7-d6cb-4a3e-a8ce-a9e446c79af9'""] $format=['application/json;odata=minimalmetadata']"	['Tester.AzureUtils.AzureMembershipTableTests.MembershipTable_Azure_UpdateRow']
"127.0.0.1:10002 GET Path = /devstoreaccount1/OrleansSiloInstances() status_code = 200 reason_phrase = OK $filter=[""PartitionKey eq 'test-a2f568db-5fec-4833-9868-7ff2c7578761'""] $format=['application/json;odata=minimalmetadata']"	['Tester.AzureUtils.AzureMembershipTableTests.MembershipTable_Azure_InsertRow']
"127.0.0.1:10002 GET Path = /devstoreaccount1/OrleansSiloInstances() status_code = 200 reason_phrase = OK $filter=[""PartitionKey eq 'test-a46f5b02-957b-4bd0-b3a3-7ad29aa7ac6d'""] $format=['application/json;odata=minimalmetadata']"	['Tester.AzureUtils.AzureMembershipTableTests.MembershipTable_Azure_UpdateRowInParallel']
"127.0.0.1:10002 GET Path = /devstoreaccount1/OrleansSiloInstances() status_code = 200 reason_phrase = OK $filter=[""PartitionKey eq 'test-af55b478-e1f4-4171-b3a2-a74d1a8ed310'""] $format=['application/json;odata=minimalmetadata']"	['Tester.AzureUtils.AzureMembershipTableTests.MembershipTable_Azure_ReadRow_Insert_Read']
"127.0.0.1:10002 GET Path = /devstoreaccount1/OrleansSiloInstances() status_code = 200 reason_phrase = OK $filter=[""PartitionKey eq 'test-b090ad53-8811-4734-8802-655a034f7cb2'""] $format=['application/json;odata=minimalmetadata']"	['Tester.AzureUtils.AzureMembershipTableTests.MembershipTable_Azure_InsertRow']
"127.0.0.1:10002 GET Path = /devstoreaccount1/OrleansSiloInstances() status_code = 200 reason_phrase = OK $filter=[""PartitionKey eq 'test-b2354206-7c1d-41fd-a7a9-9800dad78557'""] $format=['application/json;odata=minimalmetadata']"	['Tester.AzureUtils.AzureMembershipTableTests.MembershipTable_Azure_UpdateRowInParallel']
"127.0.0.1:10002 GET Path = /devstoreaccount1/OrleansSiloInstances() status_code = 200 reason_phrase = OK $filter=[""PartitionKey eq 'test-b4b1d3b9-8d30-4b4b-9fee-37d7a5f302ee'""] $format=['application/json;odata=minimalmetadata']"	['Tester.AzureUtils.AzureMembershipTableTests.MembershipTable_Azure_UpdateRow']
"127.0.0.1:10002 GET Path = /devstoreaccount1/OrleansSiloInstances() status_code = 200 reason_phrase = OK $filter=[""PartitionKey eq 'test-b6e2e363-5127-4190-952c-75b2d0d28ebf'""] $format=['application/json;odata=minimalmetadata']"	['Tester.AzureUtils.AzureMembershipTableTests.MembershipTable_Azure_UpdateRow']
"127.0.0.1:10002 GET Path = /devstoreaccount1/OrleansSiloInstances() status_code = 200 reason_phrase = OK $filter=[""PartitionKey eq 'test-cb74a3f8-b70a-47b0-94ad-2c681a98a7bb'""] $format=['application/json;odata=minimalmetadata']"	['Tester.AzureUtils.AzureMembershipTableTests.MembershipTable_Azure_ReadAll_Insert_ReadAll']
"127.0.0.1:10002 GET Path = /devstoreaccount1/OrleansSiloInstances() status_code = 200 reason_phrase = OK $filter=[""PartitionKey eq 'test-cd6b3b97-2cca-444a-8eae-c6ed23dc9e15'""] $format=['application/json;odata=minimalmetadata']"	['Tester.AzureUtils.AzureMembershipTableTests.MembershipTable_Azure_Init']
"127.0.0.1:10002 GET Path = /devstoreaccount1/OrleansSiloInstances() status_code = 200 reason_phrase = OK $filter=[""PartitionKey eq 'test-cd9330ea-e171-43af-ae1b-58a4dde07cab'""] $format=['application/json;odata=minimalmetadata']"	['Tester.AzureUtils.AzureMembershipTableTests.MembershipTable_Azure_UpdateRow']
"127.0.0.1:10002 GET Path = /devstoreaccount1/OrleansSiloInstances() status_code = 200 reason_phrase = OK $filter=[""PartitionKey eq 'test-ce9ec264-0811-4afd-8bfb-183b06338d7f'""] $format=['application/json;odata=minimalmetadata']"	['Tester.AzureUtils.AzureMembershipTableTests.MembershipTable_Azure_UpdateIAmAlive']
"127.0.0.1:10002 GET Path = /devstoreaccount1/OrleansSiloInstances() status_code = 200 reason_phrase = OK $filter=[""PartitionKey eq 'test-d4699d78-e497-450d-a097-bf67cd55d487'""] $format=['application/json;odata=minimalmetadata']"	['Tester.AzureUtils.AzureMembershipTableTests.MembershipTable_Azure_ReadAll_Insert_ReadAll']
"127.0.0.1:10002 GET Path = /devstoreaccount1/OrleansSiloInstances() status_code = 200 reason_phrase = OK $filter=[""PartitionKey eq 'test-d5a88688-946e-4410-8bfa-6bf9d361098b'""] $format=['application/json;odata=minimalmetadata']"	['Tester.AzureUtils.AzureMembershipTableTests.MembershipTable_Azure_UpdateRow']
"127.0.0.1:10002 GET Path = /devstoreaccount1/OrleansSiloInstances() status_code = 200 reason_phrase = OK $filter=[""PartitionKey eq 'test-d5f53b80-11c9-4e49-83cf-9fe8ecd03663' and Status eq 'Active' and ProxyPort ne '0'""] $format=['application/json;odata=minimalmetadata']"	['Tester.AzureUtils.AzureMembershipTableTests.MembershipTable_Azure_GetGateways']
"127.0.0.1:10002 GET Path = /devstoreaccount1/OrleansSiloInstances() status_code = 200 reason_phrase = OK $filter=[""PartitionKey eq 'test-d5f53b80-11c9-4e49-83cf-9fe8ecd03663'""] $format=['application/json;odata=minimalmetadata']"	['Tester.AzureUtils.AzureMembershipTableTests.MembershipTable_Azure_GetGateways']
"127.0.0.1:10002 GET Path = /devstoreaccount1/OrleansSiloInstances() status_code = 200 reason_phrase = OK $filter=[""PartitionKey eq 'test-d7421b10-207a-498f-9460-d77785471608' and Status eq 'Active' and ProxyPort ne '0'""] $format=['application/json;odata=minimalmetadata']"	['Tester.AzureUtils.AzureMembershipTableTests.MembershipTable_Azure_GetGateways']
"127.0.0.1:10002 GET Path = /devstoreaccount1/OrleansSiloInstances() status_code = 200 reason_phrase = OK $filter=[""PartitionKey eq 'test-d7421b10-207a-498f-9460-d77785471608'""] $format=['application/json;odata=minimalmetadata']"	['Tester.AzureUtils.AzureMembershipTableTests.MembershipTable_Azure_GetGateways']
"127.0.0.1:10002 GET Path = /devstoreaccount1/OrleansSiloInstances() status_code = 200 reason_phrase = OK $filter=[""PartitionKey eq 'test-e37b2cc2-4e39-45c5-b75a-96309629f49c'""] $format=['application/json;odata=minimalmetadata']"	['Tester.AzureUtils.AzureMembershipTableTests.MembershipTable_Azure_ReadRow_Insert_Read']
"127.0.0.1:10002 GET Path = /devstoreaccount1/OrleansSiloInstances() status_code = 200 reason_phrase = OK $filter=[""PartitionKey eq 'test-e717a2da-5291-409f-849b-484ad3c745f9' and Status eq 'Active' and ProxyPort ne '0'""] $format=['application/json;odata=minimalmetadata']"	['Tester.AzureUtils.AzureMembershipTableTests.MembershipTable_Azure_GetGateways']
"127.0.0.1:10002 GET Path = /devstoreaccount1/OrleansSiloInstances() status_code = 200 reason_phrase = OK $filter=[""PartitionKey eq 'test-e717a2da-5291-409f-849b-484ad3c745f9'""] $format=['application/json;odata=minimalmetadata']"	['Tester.AzureUtils.AzureMembershipTableTests.MembershipTable_Azure_GetGateways']
"127.0.0.1:10002 GET Path = /devstoreaccount1/OrleansSiloInstances() status_code = 200 reason_phrase = OK $filter=[""PartitionKey eq 'test-e923e2d5-9e1c-40dd-86f4-1330f7ba8ebc' and Status eq 'Active' and ProxyPort ne '0'""] $format=['application/json;odata=minimalmetadata']"	['Tester.AzureUtils.AzureMembershipTableTests.MembershipTable_Azure_GetGateways']
"127.0.0.1:10002 GET Path = /devstoreaccount1/OrleansSiloInstances() status_code = 200 reason_phrase = OK $filter=[""PartitionKey eq 'test-e923e2d5-9e1c-40dd-86f4-1330f7ba8ebc'""] $format=['application/json;odata=minimalmetadata']"	['Tester.AzureUtils.AzureMembershipTableTests.MembershipTable_Azure_GetGateways']
"127.0.0.1:10002 GET Path = /devstoreaccount1/OrleansSiloInstances() status_code = 200 reason_phrase = OK $filter=[""PartitionKey eq 'test-eb37e900-f1aa-4019-b39c-a5f71f077b1a'""] $format=['application/json;odata=minimalmetadata']"	['Tester.AzureUtils.AzureMembershipTableTests.MembershipTable_Azure_ReadRow_Insert_Read']
"127.0.0.1:10002 GET Path = /devstoreaccount1/OrleansSiloInstances() status_code = 200 reason_phrase = OK $filter=[""PartitionKey eq 'test-ff7d6dc7-cab9-4950-867f-022ea333b0b6'""] $format=['application/json;odata=minimalmetadata']"	['Tester.AzureUtils.AzureMembershipTableTests.MembershipTable_Azure_UpdateIAmAlive']
"127.0.0.1:10002 GET Path = /devstoreaccount1/OrleansSiloInstances() status_code = 408 reason_phrase = OK injected $filter=[""PartitionKey eq 'test-088896ec-1bc5-4519-bc9b-29e05d941763'""] $format=['application/json;odata=minimalmetadata']"	['Tester.AzureUtils.AzureMembershipTableTests.MembershipTable_Azure_ReadRow_Insert_Read']
"127.0.0.1:10002 GET Path = /devstoreaccount1/OrleansSiloInstances() status_code = 408 reason_phrase = OK injected $filter=[""PartitionKey eq 'test-154895ef-4239-4b0e-aba9-facdcc81d618'""] $format=['application/json;odata=minimalmetadata']"	['Tester.AzureUtils.AzureMembershipTableTests.MembershipTable_Azure_ReadAll_Insert_ReadAll']
"127.0.0.1:10002 GET Path = /devstoreaccount1/OrleansSiloInstances() status_code = 408 reason_phrase = OK injected $filter=[""PartitionKey eq 'test-1731be99-6041-4c7a-9788-e282ef2c8374'""] $format=['application/json;odata=minimalmetadata']"	['Tester.AzureUtils.AzureMembershipTableTests.MembershipTable_Azure_UpdateIAmAlive']
"127.0.0.1:10002 GET Path = /devstoreaccount1/OrleansSiloInstances() status_code = 408 reason_phrase = OK injected $filter=[""PartitionKey eq 'test-4a1ef156-46ed-4b13-9346-c80d2da3ac4e'""] $format=['application/json;odata=minimalmetadata']"	['Tester.AzureUtils.AzureMembershipTableTests.MembershipTable_Azure_InsertRow']
"127.0.0.1:10002 GET Path = /devstoreaccount1/OrleansSiloInstances() status_code = 408 reason_phrase = OK injected $filter=[""PartitionKey eq 'test-5d6470f8-e6f0-49bc-b0d3-52a486caf892'""] $format=['application/json;odata=minimalmetadata']"	['Tester.AzureUtils.AzureMembershipTableTests.MembershipTable_Azure_UpdateRowInParallel']
"127.0.0.1:10002 GET Path = /devstoreaccount1/OrleansSiloInstances() status_code = 408 reason_phrase = OK injected $filter=[""PartitionKey eq 'test-98781de5-b81d-4cb3-98d8-e1112423b462'""] $format=['application/json;odata=minimalmetadata']"	['Tester.AzureUtils.AzureMembershipTableTests.MembershipTable_Azure_ReadAll_EmptyTable']
"127.0.0.1:10002 GET Path = /devstoreaccount1/OrleansSiloInstances() status_code = 408 reason_phrase = OK injected $filter=[""PartitionKey eq 'test-b6e2e363-5127-4190-952c-75b2d0d28ebf'""] $format=['application/json;odata=minimalmetadata']"	['Tester.AzureUtils.AzureMembershipTableTests.MembershipTable_Azure_UpdateRow']
"127.0.0.1:10002 GET Path = /devstoreaccount1/OrleansSiloInstances() status_code = 408 reason_phrase = OK injected $filter=[""PartitionKey eq 'test-cd6b3b97-2cca-444a-8eae-c6ed23dc9e15'""] $format=['application/json;odata=minimalmetadata']"	['Tester.AzureUtils.AzureMembershipTableTests.MembershipTable_Azure_Init']
"127.0.0.1:10002 GET Path = /devstoreaccount1/OrleansSiloInstances() status_code = 408 reason_phrase = OK injected $filter=[""PartitionKey eq 'test-e923e2d5-9e1c-40dd-86f4-1330f7ba8ebc'""] $format=['application/json;odata=minimalmetadata']"	['Tester.AzureUtils.AzureMembershipTableTests.MembershipTable_Azure_GetGateways']
127.0.0.1:10002 GET Path = /devstoreaccount1/OrleansSiloInstances(PartitionKey='test-01940f7d-416b-4320-9521-8f36a5c9028b',RowKey='VersionRow') status_code = 404 reason_phrase = Not Found $format=['application/json;odata=minimalmetadata']	['Tester.AzureUtils.AzureMembershipTableTests.MembershipTable_Azure_UpdateIAmAlive']
127.0.0.1:10002 GET Path = /devstoreaccount1/OrleansSiloInstances(PartitionKey='test-06b9b3e2-86d1-414e-86a4-c743d211ab42',RowKey='VersionRow') status_code = 404 reason_phrase = Not Found $format=['application/json;odata=minimalmetadata']	['Tester.AzureUtils.AzureMembershipTableTests.MembershipTable_Azure_GetGateways']
127.0.0.1:10002 GET Path = /devstoreaccount1/OrleansSiloInstances(PartitionKey='test-088896ec-1bc5-4519-bc9b-29e05d941763',RowKey='VersionRow') status_code = 404 reason_phrase = Not Found $format=['application/json;odata=minimalmetadata']	['Tester.AzureUtils.AzureMembershipTableTests.MembershipTable_Azure_ReadRow_Insert_Read']
127.0.0.1:10002 GET Path = /devstoreaccount1/OrleansSiloInstances(PartitionKey='test-0893b6c8-9231-4eb0-84ed-e2f8ac18520b',RowKey='VersionRow') status_code = 404 reason_phrase = Not Found $format=['application/json;odata=minimalmetadata']	['Tester.AzureUtils.AzureMembershipTableTests.MembershipTable_Azure_UpdateRowInParallel']
127.0.0.1:10002 GET Path = /devstoreaccount1/OrleansSiloInstances(PartitionKey='test-0aca0694-136f-41a9-982e-1fbefe1657fe',RowKey='VersionRow') status_code = 404 reason_phrase = Not Found $format=['application/json;odata=minimalmetadata']	['Tester.AzureUtils.AzureMembershipTableTests.MembershipTable_Azure_ReadAll_EmptyTable']
127.0.0.1:10002 GET Path = /devstoreaccount1/OrleansSiloInstances(PartitionKey='test-0c29387c-4117-49d8-bff3-d6aaf89f7faa',RowKey='VersionRow') status_code = 404 reason_phrase = Not Found $format=['application/json;odata=minimalmetadata']	['Tester.AzureUtils.AzureMembershipTableTests.MembershipTable_Azure_InsertRow']
127.0.0.1:10002 GET Path = /devstoreaccount1/OrleansSiloInstances(PartitionKey='test-0caefa1e-d397-483d-8454-0182a463fa82',RowKey='VersionRow') status_code = 404 reason_phrase = Not Found $format=['application/json;odata=minimalmetadata']	['Tester.AzureUtils.AzureMembershipTableTests.MembershipTable_Azure_ReadAll_EmptyTable']
127.0.0.1:10002 GET Path = /devstoreaccount1/OrleansSiloInstances(PartitionKey='test-154895ef-4239-4b0e-aba9-facdcc81d618',RowKey='VersionRow') status_code = 404 reason_phrase = Not Found $format=['application/json;odata=minimalmetadata']	['Tester.AzureUtils.AzureMembershipTableTests.MembershipTable_Azure_ReadAll_Insert_ReadAll']
127.0.0.1:10002 GET Path = /devstoreaccount1/OrleansSiloInstances(PartitionKey='test-1731be99-6041-4c7a-9788-e282ef2c8374',RowKey='VersionRow') status_code = 404 reason_phrase = Not Found $format=['application/json;odata=minimalmetadata']	['Tester.AzureUtils.AzureMembershipTableTests.MembershipTable_Azure_UpdateIAmAlive']
127.0.0.1:10002 GET Path = /devstoreaccount1/OrleansSiloInstances(PartitionKey='test-208f244c-58e7-4abd-8fe5-3bc1c3027af9',RowKey='VersionRow') status_code = 404 reason_phrase = Not Found $format=['application/json;odata=minimalmetadata']	['Tester.AzureUtils.AzureMembershipTableTests.MembershipTable_Azure_ReadAll_Insert_ReadAll']
127.0.0.1:10002 GET Path = /devstoreaccount1/OrleansSiloInstances(PartitionKey='test-235541a1-615a-43e1-8194-610e8abcdc12',RowKey='VersionRow') status_code = 404 reason_phrase = Not Found $format=['application/json;odata=minimalmetadata']	['Tester.AzureUtils.AzureMembershipTableTests.MembershipTable_Azure_InsertRow']
127.0.0.1:10002 GET Path = /devstoreaccount1/OrleansSiloInstances(PartitionKey='test-26b4bcef-fdf2-4261-ac27-e98840c023ae',RowKey='VersionRow') status_code = 404 reason_phrase = Not Found $format=['application/json;odata=minimalmetadata']	['Tester.AzureUtils.AzureMembershipTableTests.MembershipTable_Azure_ReadAll_Insert_ReadAll']
127.0.0.1:10002 GET Path = /devstoreaccount1/OrleansSiloInstances(PartitionKey='test-2b7fae28-619e-4dc3-b356-65706c55ff6e',RowKey='VersionRow') status_code = 404 reason_phrase = Not Found $format=['application/json;odata=minimalmetadata']	['Tester.AzureUtils.AzureMembershipTableTests.MembershipTable_Azure_ReadRow_Insert_Read']
127.0.0.1:10002 GET Path = /devstoreaccount1/OrleansSiloInstances(PartitionKey='test-35dbec1e-6c34-4298-a473-aceed4d7d4de',RowKey='VersionRow') status_code = 404 reason_phrase = Not Found $format=['application/json;odata=minimalmetadata']	['Tester.AzureUtils.AzureMembershipTableTests.MembershipTable_Azure_ReadAll_EmptyTable']
127.0.0.1:10002 GET Path = /devstoreaccount1/OrleansSiloInstances(PartitionKey='test-35dbec1e-6c34-4298-a473-aceed4d7d4de',RowKey='VersionRow') status_code = 408 reason_phrase = Not Found injected $format=['application/json;odata=minimalmetadata']	['Tester.AzureUtils.AzureMembershipTableTests.MembershipTable_Azure_ReadAll_EmptyTable']
127.0.0.1:10002 GET Path = /devstoreaccount1/OrleansSiloInstances(PartitionKey='test-3dac6392-c106-460d-9d38-8c3741b58346',RowKey='VersionRow') status_code = 404 reason_phrase = Not Found $format=['application/json;odata=minimalmetadata']	['Tester.AzureUtils.AzureMembershipTableTests.MembershipTable_Azure_InsertRow']
127.0.0.1:10002 GET Path = /devstoreaccount1/OrleansSiloInstances(PartitionKey='test-3dac6392-c106-460d-9d38-8c3741b58346',RowKey='VersionRow') status_code = 408 reason_phrase = Not Found injected $format=['application/json;odata=minimalmetadata']	['Tester.AzureUtils.AzureMembershipTableTests.MembershipTable_Azure_InsertRow']
127.0.0.1:10002 GET Path = /devstoreaccount1/OrleansSiloInstances(PartitionKey='test-3ee3654a-31c0-4ade-9cd1-e64376d8de0a',RowKey='VersionRow') status_code = 404 reason_phrase = Not Found $format=['application/json;odata=minimalmetadata']	['Tester.AzureUtils.AzureMembershipTableTests.MembershipTable_Azure_UpdateRow']
127.0.0.1:10002 GET Path = /devstoreaccount1/OrleansSiloInstances(PartitionKey='test-44675ea9-e23b-43b7-b6b9-6950309c47c0',RowKey='VersionRow') status_code = 404 reason_phrase = Not Found $format=['application/json;odata=minimalmetadata']	['Tester.AzureUtils.AzureMembershipTableTests.MembershipTable_Azure_UpdateRowInParallel']
127.0.0.1:10002 GET Path = /devstoreaccount1/OrleansSiloInstances(PartitionKey='test-49146fc1-db75-408c-9107-fe23bd89026c',RowKey='VersionRow') status_code = 404 reason_phrase = Not Found $format=['application/json;odata=minimalmetadata']	['Tester.AzureUtils.AzureMembershipTableTests.MembershipTable_Azure_UpdateIAmAlive']
127.0.0.1:10002 GET Path = /devstoreaccount1/OrleansSiloInstances(PartitionKey='test-4a1ef156-46ed-4b13-9346-c80d2da3ac4e',RowKey='VersionRow') status_code = 404 reason_phrase = Not Found $format=['application/json;odata=minimalmetadata']	['Tester.AzureUtils.AzureMembershipTableTests.MembershipTable_Azure_InsertRow']
127.0.0.1:10002 GET Path = /devstoreaccount1/OrleansSiloInstances(PartitionKey='test-4ec3e605-bda5-4f91-b564-1f499fb666a5',RowKey='VersionRow') status_code = 404 reason_phrase = Not Found $format=['application/json;odata=minimalmetadata']	['Tester.AzureUtils.AzureMembershipTableTests.MembershipTable_Azure_UpdateRowInParallel']
127.0.0.1:10002 GET Path = /devstoreaccount1/OrleansSiloInstances(PartitionKey='test-51ddf48c-8f10-4bf9-a10f-5daea2ce229d',RowKey='VersionRow') status_code = 404 reason_phrase = Not Found $format=['application/json;odata=minimalmetadata']	['Tester.AzureUtils.AzureMembershipTableTests.MembershipTable_Azure_UpdateRowInParallel']
127.0.0.1:10002 GET Path = /devstoreaccount1/OrleansSiloInstances(PartitionKey='test-5d6470f8-e6f0-49bc-b0d3-52a486caf892',RowKey='VersionRow') status_code = 404 reason_phrase = Not Found $format=['application/json;odata=minimalmetadata']	['Tester.AzureUtils.AzureMembershipTableTests.MembershipTable_Azure_UpdateRowInParallel']
127.0.0.1:10002 GET Path = /devstoreaccount1/OrleansSiloInstances(PartitionKey='test-70293175-01de-4fc0-83e9-24599ec66c80',RowKey='VersionRow') status_code = 404 reason_phrase = Not Found $format=['application/json;odata=minimalmetadata']	['Tester.AzureUtils.AzureMembershipTableTests.MembershipTable_Azure_Init']
127.0.0.1:10002 GET Path = /devstoreaccount1/OrleansSiloInstances(PartitionKey='test-70293175-01de-4fc0-83e9-24599ec66c80',RowKey='VersionRow') status_code = 408 reason_phrase = Not Found injected $format=['application/json;odata=minimalmetadata']	['Tester.AzureUtils.AzureMembershipTableTests.MembershipTable_Azure_Init']
127.0.0.1:10002 GET Path = /devstoreaccount1/OrleansSiloInstances(PartitionKey='test-714708f3-843a-4d07-ad68-7d0c3b45a440',RowKey='VersionRow') status_code = 404 reason_phrase = Not Found $format=['application/json;odata=minimalmetadata']	['Tester.AzureUtils.AzureMembershipTableTests.MembershipTable_Azure_Init']
127.0.0.1:10002 GET Path = /devstoreaccount1/OrleansSiloInstances(PartitionKey='test-7612db82-3bfe-44e4-a474-de23779d9ac2',RowKey='VersionRow') status_code = 404 reason_phrase = Not Found $format=['application/json;odata=minimalmetadata']	['Tester.AzureUtils.AzureMembershipTableTests.MembershipTable_Azure_GetGateways']
127.0.0.1:10002 GET Path = /devstoreaccount1/OrleansSiloInstances(PartitionKey='test-778bff05-cd49-4116-bda8-94044e987803',RowKey='VersionRow') status_code = 404 reason_phrase = Not Found $format=['application/json;odata=minimalmetadata']	['Tester.AzureUtils.AzureMembershipTableTests.MembershipTable_Azure_ReadAll_EmptyTable']
127.0.0.1:10002 GET Path = /devstoreaccount1/OrleansSiloInstances(PartitionKey='test-7984d620-0010-4b55-b415-f09e66c9c2f0',RowKey='VersionRow') status_code = 404 reason_phrase = Not Found $format=['application/json;odata=minimalmetadata']	['Tester.AzureUtils.AzureMembershipTableTests.MembershipTable_Azure_Init']
127.0.0.1:10002 GET Path = /devstoreaccount1/OrleansSiloInstances(PartitionKey='test-7d2adb2e-2c8d-4d36-9de7-c4445c25dafb',RowKey='VersionRow') status_code = 404 reason_phrase = Not Found $format=['application/json;odata=minimalmetadata']	['Tester.AzureUtils.AzureMembershipTableTests.MembershipTable_Azure_UpdateIAmAlive']
127.0.0.1:10002 GET Path = /devstoreaccount1/OrleansSiloInstances(PartitionKey='test-8811f338-64b3-4e0d-86cb-6741427422a0',RowKey='VersionRow') status_code = 404 reason_phrase = Not Found $format=['application/json;odata=minimalmetadata']	['Tester.AzureUtils.AzureMembershipTableTests.MembershipTable_Azure_UpdateRow']
127.0.0.1:10002 GET Path = /devstoreaccount1/OrleansSiloInstances(PartitionKey='test-889a75cb-7536-494b-9545-bdb6f21b45cf',RowKey='VersionRow') status_code = 404 reason_phrase = Not Found $format=['application/json;odata=minimalmetadata']	['Tester.AzureUtils.AzureMembershipTableTests.MembershipTable_Azure_ReadAll_Insert_ReadAll']
127.0.0.1:10002 GET Path = /devstoreaccount1/OrleansSiloInstances(PartitionKey='test-889a75cb-7536-494b-9545-bdb6f21b45cf',RowKey='VersionRow') status_code = 408 reason_phrase = Not Found injected $format=['application/json;odata=minimalmetadata']	['Tester.AzureUtils.AzureMembershipTableTests.MembershipTable_Azure_ReadAll_Insert_ReadAll']
127.0.0.1:10002 GET Path = /devstoreaccount1/OrleansSiloInstances(PartitionKey='test-89320688-9101-483b-8b6e-1b7ad0733d03',RowKey='VersionRow') status_code = 404 reason_phrase = Not Found $format=['application/json;odata=minimalmetadata']	['Tester.AzureUtils.AzureMembershipTableTests.MembershipTable_Azure_ReadRow_Insert_Read']
127.0.0.1:10002 GET Path = /devstoreaccount1/OrleansSiloInstances(PartitionKey='test-8a1ddc9a-3154-4a6a-bc7a-d912682ffd5a',RowKey='VersionRow') status_code = 404 reason_phrase = Not Found $format=['application/json;odata=minimalmetadata']	['Tester.AzureUtils.AzureMembershipTableTests.MembershipTable_Azure_Init']
127.0.0.1:10002 GET Path = /devstoreaccount1/OrleansSiloInstances(PartitionKey='test-98781de5-b81d-4cb3-98d8-e1112423b462',RowKey='VersionRow') status_code = 404 reason_phrase = Not Found $format=['application/json;odata=minimalmetadata']	['Tester.AzureUtils.AzureMembershipTableTests.MembershipTable_Azure_ReadAll_EmptyTable']
127.0.0.1:10002 GET Path = /devstoreaccount1/OrleansSiloInstances(PartitionKey='test-9c4f2f97-3cd3-4c46-8794-b95b7321dccf',RowKey='VersionRow') status_code = 404 reason_phrase = Not Found $format=['application/json;odata=minimalmetadata']	['Tester.AzureUtils.AzureMembershipTableTests.MembershipTable_Azure_UpdateIAmAlive']
127.0.0.1:10002 GET Path = /devstoreaccount1/OrleansSiloInstances(PartitionKey='test-9c52dfe7-d6cb-4a3e-a8ce-a9e446c79af9',RowKey='VersionRow') status_code = 404 reason_phrase = Not Found $format=['application/json;odata=minimalmetadata']	['Tester.AzureUtils.AzureMembershipTableTests.MembershipTable_Azure_UpdateRow']
127.0.0.1:10002 GET Path = /devstoreaccount1/OrleansSiloInstances(PartitionKey='test-a2f568db-5fec-4833-9868-7ff2c7578761',RowKey='VersionRow') status_code = 404 reason_phrase = Not Found $format=['application/json;odata=minimalmetadata']	['Tester.AzureUtils.AzureMembershipTableTests.MembershipTable_Azure_InsertRow']
127.0.0.1:10002 GET Path = /devstoreaccount1/OrleansSiloInstances(PartitionKey='test-a46f5b02-957b-4bd0-b3a3-7ad29aa7ac6d',RowKey='VersionRow') status_code = 404 reason_phrase = Not Found $format=['application/json;odata=minimalmetadata']	['Tester.AzureUtils.AzureMembershipTableTests.MembershipTable_Azure_UpdateRowInParallel']
127.0.0.1:10002 GET Path = /devstoreaccount1/OrleansSiloInstances(PartitionKey='test-af55b478-e1f4-4171-b3a2-a74d1a8ed310',RowKey='VersionRow') status_code = 404 reason_phrase = Not Found $format=['application/json;odata=minimalmetadata']	['Tester.AzureUtils.AzureMembershipTableTests.MembershipTable_Azure_ReadRow_Insert_Read']
127.0.0.1:10002 GET Path = /devstoreaccount1/OrleansSiloInstances(PartitionKey='test-b090ad53-8811-4734-8802-655a034f7cb2',RowKey='VersionRow') status_code = 404 reason_phrase = Not Found $format=['application/json;odata=minimalmetadata']	['Tester.AzureUtils.AzureMembershipTableTests.MembershipTable_Azure_InsertRow']
127.0.0.1:10002 GET Path = /devstoreaccount1/OrleansSiloInstances(PartitionKey='test-b2354206-7c1d-41fd-a7a9-9800dad78557',RowKey='VersionRow') status_code = 404 reason_phrase = Not Found $format=['application/json;odata=minimalmetadata']	['Tester.AzureUtils.AzureMembershipTableTests.MembershipTable_Azure_UpdateRowInParallel']
127.0.0.1:10002 GET Path = /devstoreaccount1/OrleansSiloInstances(PartitionKey='test-b2354206-7c1d-41fd-a7a9-9800dad78557',RowKey='VersionRow') status_code = 408 reason_phrase = Not Found injected $format=['application/json;odata=minimalmetadata']	['Tester.AzureUtils.AzureMembershipTableTests.MembershipTable_Azure_UpdateRowInParallel']
127.0.0.1:10002 GET Path = /devstoreaccount1/OrleansSiloInstances(PartitionKey='test-b4b1d3b9-8d30-4b4b-9fee-37d7a5f302ee',RowKey='VersionRow') status_code = 404 reason_phrase = Not Found $format=['application/json;odata=minimalmetadata']	['Tester.AzureUtils.AzureMembershipTableTests.MembershipTable_Azure_UpdateRow']
127.0.0.1:10002 GET Path = /devstoreaccount1/OrleansSiloInstances(PartitionKey='test-b6e2e363-5127-4190-952c-75b2d0d28ebf',RowKey='VersionRow') status_code = 404 reason_phrase = Not Found $format=['application/json;odata=minimalmetadata']	['Tester.AzureUtils.AzureMembershipTableTests.MembershipTable_Azure_UpdateRow']
127.0.0.1:10002 GET Path = /devstoreaccount1/OrleansSiloInstances(PartitionKey='test-cb74a3f8-b70a-47b0-94ad-2c681a98a7bb',RowKey='VersionRow') status_code = 404 reason_phrase = Not Found $format=['application/json;odata=minimalmetadata']	['Tester.AzureUtils.AzureMembershipTableTests.MembershipTable_Azure_ReadAll_Insert_ReadAll']
127.0.0.1:10002 GET Path = /devstoreaccount1/OrleansSiloInstances(PartitionKey='test-cd6b3b97-2cca-444a-8eae-c6ed23dc9e15',RowKey='VersionRow') status_code = 404 reason_phrase = Not Found $format=['application/json;odata=minimalmetadata']	['Tester.AzureUtils.AzureMembershipTableTests.MembershipTable_Azure_Init']
127.0.0.1:10002 GET Path = /devstoreaccount1/OrleansSiloInstances(PartitionKey='test-cd9330ea-e171-43af-ae1b-58a4dde07cab',RowKey='VersionRow') status_code = 404 reason_phrase = Not Found $format=['application/json;odata=minimalmetadata']	['Tester.AzureUtils.AzureMembershipTableTests.MembershipTable_Azure_UpdateRow']
127.0.0.1:10002 GET Path = /devstoreaccount1/OrleansSiloInstances(PartitionKey='test-cd9330ea-e171-43af-ae1b-58a4dde07cab',RowKey='VersionRow') status_code = 408 reason_phrase = Not Found injected $format=['application/json;odata=minimalmetadata']	['Tester.AzureUtils.AzureMembershipTableTests.MembershipTable_Azure_UpdateRow']
127.0.0.1:10002 GET Path = /devstoreaccount1/OrleansSiloInstances(PartitionKey='test-ce9ec264-0811-4afd-8bfb-183b06338d7f',RowKey='VersionRow') status_code = 404 reason_phrase = Not Found $format=['application/json;odata=minimalmetadata']	['Tester.AzureUtils.AzureMembershipTableTests.MembershipTable_Azure_UpdateIAmAlive']
127.0.0.1:10002 GET Path = /devstoreaccount1/OrleansSiloInstances(PartitionKey='test-d4699d78-e497-450d-a097-bf67cd55d487',RowKey='VersionRow') status_code = 404 reason_phrase = Not Found $format=['application/json;odata=minimalmetadata']	['Tester.AzureUtils.AzureMembershipTableTests.MembershipTable_Azure_ReadAll_Insert_ReadAll']
127.0.0.1:10002 GET Path = /devstoreaccount1/OrleansSiloInstances(PartitionKey='test-d5a88688-946e-4410-8bfa-6bf9d361098b',RowKey='VersionRow') status_code = 404 reason_phrase = Not Found $format=['application/json;odata=minimalmetadata']	['Tester.AzureUtils.AzureMembershipTableTests.MembershipTable_Azure_UpdateRow']
127.0.0.1:10002 GET Path = /devstoreaccount1/OrleansSiloInstances(PartitionKey='test-d5f53b80-11c9-4e49-83cf-9fe8ecd03663',RowKey='VersionRow') status_code = 404 reason_phrase = Not Found $format=['application/json;odata=minimalmetadata']	['Tester.AzureUtils.AzureMembershipTableTests.MembershipTable_Azure_GetGateways']
127.0.0.1:10002 GET Path = /devstoreaccount1/OrleansSiloInstances(PartitionKey='test-d7421b10-207a-498f-9460-d77785471608',RowKey='VersionRow') status_code = 404 reason_phrase = Not Found $format=['application/json;odata=minimalmetadata']	['Tester.AzureUtils.AzureMembershipTableTests.MembershipTable_Azure_GetGateways']
127.0.0.1:10002 GET Path = /devstoreaccount1/OrleansSiloInstances(PartitionKey='test-e37b2cc2-4e39-45c5-b75a-96309629f49c',RowKey='VersionRow') status_code = 404 reason_phrase = Not Found $format=['application/json;odata=minimalmetadata']	['Tester.AzureUtils.AzureMembershipTableTests.MembershipTable_Azure_ReadRow_Insert_Read']
127.0.0.1:10002 GET Path = /devstoreaccount1/OrleansSiloInstances(PartitionKey='test-e717a2da-5291-409f-849b-484ad3c745f9',RowKey='VersionRow') status_code = 404 reason_phrase = Not Found $format=['application/json;odata=minimalmetadata']	['Tester.AzureUtils.AzureMembershipTableTests.MembershipTable_Azure_GetGateways']
127.0.0.1:10002 GET Path = /devstoreaccount1/OrleansSiloInstances(PartitionKey='test-e717a2da-5291-409f-849b-484ad3c745f9',RowKey='VersionRow') status_code = 408 reason_phrase = Not Found injected $format=['application/json;odata=minimalmetadata']	['Tester.AzureUtils.AzureMembershipTableTests.MembershipTable_Azure_GetGateways']
127.0.0.1:10002 GET Path = /devstoreaccount1/OrleansSiloInstances(PartitionKey='test-e923e2d5-9e1c-40dd-86f4-1330f7ba8ebc',RowKey='VersionRow') status_code = 404 reason_phrase = Not Found $format=['application/json;odata=minimalmetadata']	['Tester.AzureUtils.AzureMembershipTableTests.MembershipTable_Azure_GetGateways']
127.0.0.1:10002 GET Path = /devstoreaccount1/OrleansSiloInstances(PartitionKey='test-eb37e900-f1aa-4019-b39c-a5f71f077b1a',RowKey='VersionRow') status_code = 404 reason_phrase = Not Found $format=['application/json;odata=minimalmetadata']	['Tester.AzureUtils.AzureMembershipTableTests.MembershipTable_Azure_ReadRow_Insert_Read']
127.0.0.1:10002 GET Path = /devstoreaccount1/OrleansSiloInstances(PartitionKey='test-eb37e900-f1aa-4019-b39c-a5f71f077b1a',RowKey='VersionRow') status_code = 408 reason_phrase = Not Found injected $format=['application/json;odata=minimalmetadata']	['Tester.AzureUtils.AzureMembershipTableTests.MembershipTable_Azure_ReadRow_Insert_Read']
127.0.0.1:10002 GET Path = /devstoreaccount1/OrleansSiloInstances(PartitionKey='test-ff7d6dc7-cab9-4950-867f-022ea333b0b6',RowKey='VersionRow') status_code = 404 reason_phrase = Not Found $format=['application/json;odata=minimalmetadata']	['Tester.AzureUtils.AzureMembershipTableTests.MembershipTable_Azure_UpdateIAmAlive']
127.0.0.1:10002 GET Path = /devstoreaccount1/OrleansSiloInstances(PartitionKey='test-ff7d6dc7-cab9-4950-867f-022ea333b0b6',RowKey='VersionRow') status_code = 408 reason_phrase = Not Found injected $format=['application/json;odata=minimalmetadata']	['Tester.AzureUtils.AzureMembershipTableTests.MembershipTable_Azure_UpdateIAmAlive']
127.0.0.1:10002 PATCH Path = /devstoreaccount1/OrleansSiloInstances(PartitionKey='test-1731be99-6041-4c7a-9788-e282ef2c8374',RowKey='127.0.0.1-12345-1') status_code = 204 reason_phrase = No Content $format=['application/json;odata=minimalmetadata']	['Tester.AzureUtils.AzureMembershipTableTests.MembershipTable_Azure_UpdateIAmAlive']
127.0.0.1:10002 PATCH Path = /devstoreaccount1/OrleansSiloInstances(PartitionKey='test-49146fc1-db75-408c-9107-fe23bd89026c',RowKey='127.0.0.1-12345-1') status_code = 204 reason_phrase = No Content $format=['application/json;odata=minimalmetadata']	['Tester.AzureUtils.AzureMembershipTableTests.MembershipTable_Azure_UpdateIAmAlive']
127.0.0.1:10002 PATCH Path = /devstoreaccount1/OrleansSiloInstances(PartitionKey='test-7d2adb2e-2c8d-4d36-9de7-c4445c25dafb',RowKey='127.0.0.1-12345-1') status_code = 204 reason_phrase = No Content $format=['application/json;odata=minimalmetadata']	['Tester.AzureUtils.AzureMembershipTableTests.MembershipTable_Azure_UpdateIAmAlive']
127.0.0.1:10002 PATCH Path = /devstoreaccount1/OrleansSiloInstances(PartitionKey='test-9c4f2f97-3cd3-4c46-8794-b95b7321dccf',RowKey='127.0.0.1-12345-1') status_code = 204 reason_phrase = No Content $format=['application/json;odata=minimalmetadata']	['Tester.AzureUtils.AzureMembershipTableTests.MembershipTable_Azure_UpdateIAmAlive']
127.0.0.1:10002 PATCH Path = /devstoreaccount1/OrleansSiloInstances(PartitionKey='test-9c4f2f97-3cd3-4c46-8794-b95b7321dccf',RowKey='127.0.0.1-12345-1') status_code = 408 reason_phrase = No Content injected $format=['application/json;odata=minimalmetadata']	['Tester.AzureUtils.AzureMembershipTableTests.MembershipTable_Azure_UpdateIAmAlive']
127.0.0.1:10002 PATCH Path = /devstoreaccount1/OrleansSiloInstances(PartitionKey='test-ce9ec264-0811-4afd-8bfb-183b06338d7f',RowKey='127.0.0.1-12345-1') status_code = 204 reason_phrase = No Content $format=['application/json;odata=minimalmetadata']	['Tester.AzureUtils.AzureMembershipTableTests.MembershipTable_Azure_UpdateIAmAlive']
127.0.0.1:10002 PATCH Path = /devstoreaccount1/OrleansSiloInstances(PartitionKey='test-ff7d6dc7-cab9-4950-867f-022ea333b0b6',RowKey='127.0.0.1-12345-1') status_code = 204 reason_phrase = No Content $format=['application/json;odata=minimalmetadata']	['Tester.AzureUtils.AzureMembershipTableTests.MembershipTable_Azure_UpdateIAmAlive']
127.0.0.1:10002 POST Path = /devstoreaccount1/$batch status_code = 202 reason_phrase = Accepted	['Tester.AzureUtils.AzureMembershipTableTests.MembershipTable_Azure_GetGateways', 'Tester.AzureUtils.AzureMembershipTableTests.MembershipTable_Azure_Init', 'Tester.AzureUtils.AzureMembershipTableTests.MembershipTable_Azure_InsertRow', 'Tester.AzureUtils.AzureMembershipTableTests.MembershipTable_Azure_ReadAll_EmptyTable', 'Tester.AzureUtils.AzureMembershipTableTests.MembershipTable_Azure_ReadAll_Insert_ReadAll', 'Tester.AzureUtils.AzureMembershipTableTests.MembershipTable_Azure_ReadRow_Insert_Read', 'Tester.AzureUtils.AzureMembershipTableTests.MembershipTable_Azure_UpdateIAmAlive', 'Tester.AzureUtils.AzureMembershipTableTests.MembershipTable_Azure_UpdateRow', 'Tester.AzureUtils.AzureMembershipTableTests.MembershipTable_Azure_UpdateRowInParallel']
127.0.0.1:10002 POST Path = /devstoreaccount1/$batch status_code = 408 reason_phrase = Accepted injected	['Tester.AzureUtils.AzureMembershipTableTests.MembershipTable_Azure_GetGateways', 'Tester.AzureUtils.AzureMembershipTableTests.MembershipTable_Azure_Init', 'Tester.AzureUtils.AzureMembershipTableTests.MembershipTable_Azure_InsertRow', 'Tester.AzureUtils.AzureMembershipTableTests.MembershipTable_Azure_ReadAll_EmptyTable', 'Tester.AzureUtils.AzureMembershipTableTests.MembershipTable_Azure_ReadAll_Insert_ReadAll', 'Tester.AzureUtils.AzureMembershipTableTests.MembershipTable_Azure_ReadRow_Insert_Read', 'Tester.AzureUtils.AzureMembershipTableTests.MembershipTable_Azure_UpdateIAmAlive', 'Tester.AzureUtils.AzureMembershipTableTests.MembershipTable_Azure_UpdateRow', 'Tester.AzureUtils.AzureMembershipTableTests.MembershipTable_Azure_UpdateRowInParallel']
127.0.0.1:10002 POST Path = /devstoreaccount1/OrleansSiloInstances status_code = 204 reason_phrase = No Content $format=['application/json;odata=minimalmetadata']	['Tester.AzureUtils.AzureMembershipTableTests.MembershipTable_Azure_GetGateways', 'Tester.AzureUtils.AzureMembershipTableTests.MembershipTable_Azure_Init', 'Tester.AzureUtils.AzureMembershipTableTests.MembershipTable_Azure_InsertRow', 'Tester.AzureUtils.AzureMembershipTableTests.MembershipTable_Azure_ReadAll_EmptyTable', 'Tester.AzureUtils.AzureMembershipTableTests.MembershipTable_Azure_ReadAll_Insert_ReadAll', 'Tester.AzureUtils.AzureMembershipTableTests.MembershipTable_Azure_ReadRow_Insert_Read', 'Tester.AzureUtils.AzureMembershipTableTests.MembershipTable_Azure_UpdateIAmAlive', 'Tester.AzureUtils.AzureMembershipTableTests.MembershipTable_Azure_UpdateRow', 'Tester.AzureUtils.AzureMembershipTableTests.MembershipTable_Azure_UpdateRowInParallel']
127.0.0.1:10002 POST Path = /devstoreaccount1/OrleansSiloInstances status_code = 408 reason_phrase = No Content injected $format=['application/json;odata=minimalmetadata']	['Tester.AzureUtils.AzureMembershipTableTests.MembershipTable_Azure_GetGateways', 'Tester.AzureUtils.AzureMembershipTableTests.MembershipTable_Azure_Init', 'Tester.AzureUtils.AzureMembershipTableTests.MembershipTable_Azure_InsertRow', 'Tester.AzureUtils.AzureMembershipTableTests.MembershipTable_Azure_ReadAll_EmptyTable', 'Tester.AzureUtils.AzureMembershipTableTests.MembershipTable_Azure_ReadAll_Insert_ReadAll', 'Tester.AzureUtils.AzureMembershipTableTests.MembershipTable_Azure_ReadRow_Insert_Read', 'Tester.AzureUtils.AzureMembershipTableTests.MembershipTable_Azure_UpdateIAmAlive', 'Tester.AzureUtils.AzureMembershipTableTests.MembershipTable_Azure_UpdateRow', 'Tester.AzureUtils.AzureMembershipTableTests.MembershipTable_Azure_UpdateRowInParallel']
127.0.0.1:10002 POST Path = /devstoreaccount1/OrleansSiloInstances status_code = 409 reason_phrase = Conflict $format=['application/json;odata=minimalmetadata']	['Tester.AzureUtils.AzureMembershipTableTests.MembershipTable_Azure_GetGateways', 'Tester.AzureUtils.AzureMembershipTableTests.MembershipTable_Azure_Init', 'Tester.AzureUtils.AzureMembershipTableTests.MembershipTable_Azure_InsertRow', 'Tester.AzureUtils.AzureMembershipTableTests.MembershipTable_Azure_ReadAll_EmptyTable', 'Tester.AzureUtils.AzureMembershipTableTests.MembershipTable_Azure_ReadAll_Insert_ReadAll', 'Tester.AzureUtils.AzureMembershipTableTests.MembershipTable_Azure_ReadRow_Insert_Read', 'Tester.AzureUtils.AzureMembershipTableTests.MembershipTable_Azure_UpdateIAmAlive', 'Tester.AzureUtils.AzureMembershipTableTests.MembershipTable_Azure_UpdateRow', 'Tester.AzureUtils.AzureMembershipTableTests.MembershipTable_Azure_UpdateRowInParallel']
127.0.0.1:10002 POST Path = /devstoreaccount1/Tables status_code = 408 reason_phrase = Conflict injected $format=['application/json;odata=minimalmetadata']	['Tester.AzureUtils.AzureMembershipTableTests.MembershipTable_Azure_GetGateways', 'Tester.AzureUtils.AzureMembershipTableTests.MembershipTable_Azure_Init', 'Tester.AzureUtils.AzureMembershipTableTests.MembershipTable_Azure_InsertRow', 'Tester.AzureUtils.AzureMembershipTableTests.MembershipTable_Azure_ReadAll_EmptyTable', 'Tester.AzureUtils.AzureMembershipTableTests.MembershipTable_Azure_ReadAll_Insert_ReadAll', 'Tester.AzureUtils.AzureMembershipTableTests.MembershipTable_Azure_ReadRow_Insert_Read', 'Tester.AzureUtils.AzureMembershipTableTests.MembershipTable_Azure_UpdateIAmAlive', 'Tester.AzureUtils.AzureMembershipTableTests.MembershipTable_Azure_UpdateRow', 'Tester.AzureUtils.AzureMembershipTableTests.MembershipTable_Azure_UpdateRowInParallel']
127.0.0.1:10002 POST Path = /devstoreaccount1/Tables status_code = 409 reason_phrase = Conflict $format=['application/json;odata=minimalmetadata']	['Tester.AzureUtils.AzureMembershipTableTests.MembershipTable_Azure_GetGateways', 'Tester.AzureUtils.AzureMembershipTableTests.MembershipTable_Azure_Init', 'Tester.AzureUtils.AzureMembershipTableTests.MembershipTable_Azure_InsertRow', 'Tester.AzureUtils.AzureMembershipTableTests.MembershipTable_Azure_ReadAll_EmptyTable', 'Tester.AzureUtils.AzureMembershipTableTests.MembershipTable_Azure_ReadAll_Insert_ReadAll', 'Tester.AzureUtils.AzureMembershipTableTests.MembershipTable_Azure_ReadRow_Insert_Read', 'Tester.AzureUtils.AzureMembershipTableTests.MembershipTable_Azure_UpdateIAmAlive', 'Tester.AzureUtils.AzureMembershipTableTests.MembershipTable_Azure_UpdateRow', 'Tester.AzureUtils.AzureMembershipTableTests.MembershipTable_Azure_UpdateRowInParallel']
REST	['Tester.AzureUtils.AzureMembershipTableTests.MembershipTable_Azure_GetGateways', 'Tester.AzureUtils.AzureMembershipTableTests.MembershipTable_Azure_Init', 'Tester.AzureUtils.AzureMembershipTableTests.MembershipTable_Azure_InsertRow', 'Tester.AzureUtils.AzureMembershipTableTests.MembershipTable_Azure_ReadAll_EmptyTable', 'Tester.AzureUtils.AzureMembershipTableTests.MembershipTable_Azure_ReadAll_Insert_ReadAll', 'Tester.AzureUtils.AzureMembershipTableTests.MembershipTable_Azure_ReadRow_Insert_Read', 'Tester.AzureUtils.AzureMembershipTableTests.MembershipTable_Azure_UpdateIAmAlive', 'Tester.AzureUtils.AzureMembershipTableTests.MembershipTable_Azure_UpdateRow', 'Tester.AzureUtils.AzureMembershipTableTests.MembershipTable_Azure_UpdateRowInParallel']
