REST	NUM
127.0.0.1:10002 POST Path = /devstoreaccount1/Tables status_code = 409 reason_phrase = Conflict $format=['application/json;odata=minimalmetadata']	1
127.0.0.1:10002 POST Path = /devstoreaccount1/Tables status_code = 409 reason_phrase = Conflict $format=['application/json;odata=minimalmetadata']	1
127.0.0.1:10001 PUT Path = /devstoreaccount1/testcluster-2023-01-24t21-17-32-183-1 status_code = 201 reason_phrase = Created	1
127.0.0.1:10001 PUT Path = /devstoreaccount1/testcluster-2023-01-24t21-17-32-183-0 status_code = 201 reason_phrase = Created	1
127.0.0.1:10001 PUT Path = /devstoreaccount1/testcluster-2023-01-24t21-17-32-183-7 status_code = 201 reason_phrase = Created	1
127.0.0.1:10001 PUT Path = /devstoreaccount1/testcluster-2023-01-24t21-17-32-183-2 status_code = 201 reason_phrase = Created	1
127.0.0.1:10001 PUT Path = /devstoreaccount1/testcluster-2023-01-24t21-17-32-183-3 status_code = 201 reason_phrase = Created	1
127.0.0.1:10001 PUT Path = /devstoreaccount1/testcluster-2023-01-24t21-17-32-183-4 status_code = 201 reason_phrase = Created	1
127.0.0.1:10001 PUT Path = /devstoreaccount1/testcluster-2023-01-24t21-17-32-183-6 status_code = 201 reason_phrase = Created	1
127.0.0.1:10001 PUT Path = /devstoreaccount1/testcluster-2023-01-24t21-17-32-183-5 status_code = 201 reason_phrase = Created	1
127.0.0.1:10001 GET Path = /devstoreaccount1/testcluster-2023-01-24t21-17-32-183-4/messages status_code = 200 reason_phrase = OK numofmessages=['32']	1
127.0.0.1:10001 GET Path = /devstoreaccount1/testcluster-2023-01-24t21-17-32-183-5/messages status_code = 200 reason_phrase = OK numofmessages=['32']	1
127.0.0.1:10001 GET Path = /devstoreaccount1/testcluster-2023-01-24t21-17-32-183-2/messages status_code = 200 reason_phrase = OK numofmessages=['32']	1
127.0.0.1:10001 GET Path = /devstoreaccount1/testcluster-2023-01-24t21-17-32-183-3/messages status_code = 200 reason_phrase = OK numofmessages=['32']	1
127.0.0.1:10001 GET Path = /devstoreaccount1/testcluster-2023-01-24t21-17-32-183-7/messages status_code = 200 reason_phrase = OK numofmessages=['32']	1
127.0.0.1:10001 GET Path = /devstoreaccount1/testcluster-2023-01-24t21-17-32-183-6/messages status_code = 200 reason_phrase = OK numofmessages=['32']	1
127.0.0.1:10001 GET Path = /devstoreaccount1/testcluster-2023-01-24t21-17-32-183-1/messages status_code = 200 reason_phrase = OK numofmessages=['32']	1
127.0.0.1:10001 GET Path = /devstoreaccount1/testcluster-2023-01-24t21-17-32-183-0/messages status_code = 200 reason_phrase = OK numofmessages=['32']	1
127.0.0.1:10001 GET Path = /devstoreaccount1/testcluster-2023-01-24t21-17-32-183-3/messages status_code = 200 reason_phrase = OK numofmessages=['32']	1
127.0.0.1:10001 GET Path = /devstoreaccount1/testcluster-2023-01-24t21-17-32-183-7/messages status_code = 200 reason_phrase = OK numofmessages=['32']	1
127.0.0.1:10001 GET Path = /devstoreaccount1/testcluster-2023-01-24t21-17-32-183-5/messages status_code = 200 reason_phrase = OK numofmessages=['32']	1
127.0.0.1:10001 GET Path = /devstoreaccount1/testcluster-2023-01-24t21-17-32-183-2/messages status_code = 200 reason_phrase = OK numofmessages=['32']	1
127.0.0.1:10001 GET Path = /devstoreaccount1/testcluster-2023-01-24t21-17-32-183-4/messages status_code = 200 reason_phrase = OK numofmessages=['32']	1
127.0.0.1:10001 GET Path = /devstoreaccount1/testcluster-2023-01-24t21-17-32-183-6/messages status_code = 200 reason_phrase = OK numofmessages=['32']	1
127.0.0.1:10001 GET Path = /devstoreaccount1/testcluster-2023-01-24t21-17-32-183-0/messages status_code = 200 reason_phrase = OK numofmessages=['32']	1
127.0.0.1:10001 GET Path = /devstoreaccount1/testcluster-2023-01-24t21-17-32-183-1/messages status_code = 200 reason_phrase = OK numofmessages=['32']	1
127.0.0.1:10001 GET Path = /devstoreaccount1/testcluster-2023-01-24t21-17-32-183-3/messages status_code = 200 reason_phrase = OK numofmessages=['32']	1
127.0.0.1:10001 GET Path = /devstoreaccount1/testcluster-2023-01-24t21-17-32-183-4/messages status_code = 200 reason_phrase = OK numofmessages=['32']	1
127.0.0.1:10001 GET Path = /devstoreaccount1/testcluster-2023-01-24t21-17-32-183-2/messages status_code = 200 reason_phrase = OK numofmessages=['32']	1
127.0.0.1:10001 GET Path = /devstoreaccount1/testcluster-2023-01-24t21-17-32-183-1/messages status_code = 200 reason_phrase = OK numofmessages=['32']	1
127.0.0.1:10001 GET Path = /devstoreaccount1/testcluster-2023-01-24t21-17-32-183-5/messages status_code = 200 reason_phrase = OK numofmessages=['32']	1
127.0.0.1:10001 GET Path = /devstoreaccount1/testcluster-2023-01-24t21-17-32-183-7/messages status_code = 200 reason_phrase = OK numofmessages=['32']	1
127.0.0.1:10001 GET Path = /devstoreaccount1/testcluster-2023-01-24t21-17-32-183-0/messages status_code = 200 reason_phrase = OK numofmessages=['32']	1
127.0.0.1:10001 GET Path = /devstoreaccount1/testcluster-2023-01-24t21-17-32-183-6/messages status_code = 200 reason_phrase = OK numofmessages=['32']	1
127.0.0.1:10001 GET Path = /devstoreaccount1/testcluster-2023-01-24t21-17-32-183-4/messages status_code = 200 reason_phrase = OK numofmessages=['32']	1
127.0.0.1:10001 GET Path = /devstoreaccount1/testcluster-2023-01-24t21-17-32-183-5/messages status_code = 200 reason_phrase = OK numofmessages=['32']	1
127.0.0.1:10001 GET Path = /devstoreaccount1/testcluster-2023-01-24t21-17-32-183-7/messages status_code = 200 reason_phrase = OK numofmessages=['32']	1
127.0.0.1:10001 GET Path = /devstoreaccount1/testcluster-2023-01-24t21-17-32-183-2/messages status_code = 200 reason_phrase = OK numofmessages=['32']	1
127.0.0.1:10001 GET Path = /devstoreaccount1/testcluster-2023-01-24t21-17-32-183-6/messages status_code = 200 reason_phrase = OK numofmessages=['32']	1
127.0.0.1:10001 GET Path = /devstoreaccount1/testcluster-2023-01-24t21-17-32-183-0/messages status_code = 200 reason_phrase = OK numofmessages=['32']	1
127.0.0.1:10001 GET Path = /devstoreaccount1/testcluster-2023-01-24t21-17-32-183-3/messages status_code = 200 reason_phrase = OK numofmessages=['32']	1
127.0.0.1:10001 GET Path = /devstoreaccount1/testcluster-2023-01-24t21-17-32-183-1/messages status_code = 200 reason_phrase = OK numofmessages=['32']	1
127.0.0.1:10001 GET Path = /devstoreaccount1/testcluster-2023-01-24t21-17-32-183-4/messages status_code = 200 reason_phrase = OK numofmessages=['32']	1
127.0.0.1:10001 GET Path = /devstoreaccount1/testcluster-2023-01-24t21-17-32-183-5/messages status_code = 200 reason_phrase = OK numofmessages=['32']	1
127.0.0.1:10001 GET Path = /devstoreaccount1/testcluster-2023-01-24t21-17-32-183-0/messages status_code = 200 reason_phrase = OK numofmessages=['32']	1
127.0.0.1:10001 GET Path = /devstoreaccount1/testcluster-2023-01-24t21-17-32-183-1/messages status_code = 200 reason_phrase = OK numofmessages=['32']	1
127.0.0.1:10001 GET Path = /devstoreaccount1/testcluster-2023-01-24t21-17-32-183-2/messages status_code = 200 reason_phrase = OK numofmessages=['32']	1
127.0.0.1:10001 GET Path = /devstoreaccount1/testcluster-2023-01-24t21-17-32-183-7/messages status_code = 200 reason_phrase = OK numofmessages=['32']	1
127.0.0.1:10001 GET Path = /devstoreaccount1/testcluster-2023-01-24t21-17-32-183-6/messages status_code = 200 reason_phrase = OK numofmessages=['32']	1
127.0.0.1:10001 GET Path = /devstoreaccount1/testcluster-2023-01-24t21-17-32-183-3/messages status_code = 200 reason_phrase = OK numofmessages=['32']	1
127.0.0.1:10001 GET Path = /devstoreaccount1/testcluster-2023-01-24t21-17-32-183-4/messages status_code = 200 reason_phrase = OK numofmessages=['32']	1
127.0.0.1:10001 GET Path = /devstoreaccount1/testcluster-2023-01-24t21-17-32-183-5/messages status_code = 200 reason_phrase = OK numofmessages=['32']	1
127.0.0.1:10002 POST Path = /devstoreaccount1/Tables status_code = 409 reason_phrase = Conflict $format=['application/json;odata=minimalmetadata']	1
127.0.0.1:10001 GET Path = /devstoreaccount1/testcluster-2023-01-24t21-17-32-183-1/messages status_code = 200 reason_phrase = OK numofmessages=['32']	1
127.0.0.1:10001 GET Path = /devstoreaccount1/testcluster-2023-01-24t21-17-32-183-6/messages status_code = 200 reason_phrase = OK numofmessages=['32']	1
127.0.0.1:10001 GET Path = /devstoreaccount1/testcluster-2023-01-24t21-17-32-183-0/messages status_code = 200 reason_phrase = OK numofmessages=['32']	1
127.0.0.1:10001 GET Path = /devstoreaccount1/testcluster-2023-01-24t21-17-32-183-2/messages status_code = 200 reason_phrase = OK numofmessages=['32']	1
127.0.0.1:10001 GET Path = /devstoreaccount1/testcluster-2023-01-24t21-17-32-183-7/messages status_code = 200 reason_phrase = OK numofmessages=['32']	1
127.0.0.1:10001 GET Path = /devstoreaccount1/testcluster-2023-01-24t21-17-32-183-3/messages status_code = 200 reason_phrase = OK numofmessages=['32']	1
127.0.0.1:10002 POST Path = /devstoreaccount1/Tables status_code = 409 reason_phrase = Conflict $format=['application/json;odata=minimalmetadata']	1
127.0.0.1:10001 GET Path = /devstoreaccount1/testcluster-2023-01-24t21-17-32-183-4/messages status_code = 200 reason_phrase = OK numofmessages=['32']	1
127.0.0.1:10001 PUT Path = /devstoreaccount1/testcluster-2023-01-24t21-17-32-183-4 status_code = 204 reason_phrase = No Content	1
127.0.0.1:10001 PUT Path = /devstoreaccount1/testcluster-2023-01-24t21-17-32-183-0 status_code = 204 reason_phrase = No Content	1
127.0.0.1:10001 GET Path = /devstoreaccount1/testcluster-2023-01-24t21-17-32-183-5/messages status_code = 200 reason_phrase = OK numofmessages=['32']	1
127.0.0.1:10001 PUT Path = /devstoreaccount1/testcluster-2023-01-24t21-17-32-183-1 status_code = 204 reason_phrase = No Content	1
127.0.0.1:10001 PUT Path = /devstoreaccount1/testcluster-2023-01-24t21-17-32-183-2 status_code = 204 reason_phrase = No Content	1
127.0.0.1:10001 GET Path = /devstoreaccount1/testcluster-2023-01-24t21-17-32-183-0/messages status_code = 200 reason_phrase = OK numofmessages=['32']	1
127.0.0.1:10001 GET Path = /devstoreaccount1/testcluster-2023-01-24t21-17-32-183-3/messages status_code = 200 reason_phrase = OK numofmessages=['32']	1
127.0.0.1:10001 GET Path = /devstoreaccount1/testcluster-2023-01-24t21-17-32-183-4/messages status_code = 200 reason_phrase = OK numofmessages=['32']	1
127.0.0.1:10001 GET Path = /devstoreaccount1/testcluster-2023-01-24t21-17-32-183-6/messages status_code = 200 reason_phrase = OK numofmessages=['32']	1
127.0.0.1:10001 GET Path = /devstoreaccount1/testcluster-2023-01-24t21-17-32-183-7/messages status_code = 200 reason_phrase = OK numofmessages=['32']	1
127.0.0.1:10001 GET Path = /devstoreaccount1/testcluster-2023-01-24t21-17-32-183-1/messages status_code = 200 reason_phrase = OK numofmessages=['32']	1
127.0.0.1:10001 GET Path = /devstoreaccount1/testcluster-2023-01-24t21-17-32-183-5/messages status_code = 200 reason_phrase = OK numofmessages=['32']	1
127.0.0.1:10001 GET Path = /devstoreaccount1/testcluster-2023-01-24t21-17-32-183-2/messages status_code = 200 reason_phrase = OK numofmessages=['32']	1
127.0.0.1:10001 GET Path = /devstoreaccount1/testcluster-2023-01-24t21-17-32-183-7/messages status_code = 200 reason_phrase = OK numofmessages=['32']	1
127.0.0.1:10001 GET Path = /devstoreaccount1/testcluster-2023-01-24t21-17-32-183-0/messages status_code = 200 reason_phrase = OK numofmessages=['32']	1
127.0.0.1:10001 GET Path = /devstoreaccount1/testcluster-2023-01-24t21-17-32-183-6/messages status_code = 200 reason_phrase = OK numofmessages=['32']	1
127.0.0.1:10001 GET Path = /devstoreaccount1/testcluster-2023-01-24t21-17-32-183-4/messages status_code = 200 reason_phrase = OK numofmessages=['32']	1
127.0.0.1:10001 GET Path = /devstoreaccount1/testcluster-2023-01-24t21-17-32-183-3/messages status_code = 200 reason_phrase = OK numofmessages=['32']	1
127.0.0.1:10001 GET Path = /devstoreaccount1/testcluster-2023-01-24t21-17-32-183-1/messages status_code = 200 reason_phrase = OK numofmessages=['32']	1
127.0.0.1:10001 GET Path = /devstoreaccount1/testcluster-2023-01-24t21-17-32-183-5/messages status_code = 200 reason_phrase = OK numofmessages=['32']	1
127.0.0.1:10001 GET Path = /devstoreaccount1/testcluster-2023-01-24t21-17-32-183-2/messages status_code = 200 reason_phrase = OK numofmessages=['32']	1
127.0.0.1:10001 GET Path = /devstoreaccount1/testcluster-2023-01-24t21-17-32-183-6/messages status_code = 200 reason_phrase = OK numofmessages=['32']	1
127.0.0.1:10001 GET Path = /devstoreaccount1/testcluster-2023-01-24t21-17-32-183-0/messages status_code = 200 reason_phrase = OK numofmessages=['32']	1
127.0.0.1:10001 GET Path = /devstoreaccount1/testcluster-2023-01-24t21-17-32-183-7/messages status_code = 200 reason_phrase = OK numofmessages=['32']	1
127.0.0.1:10001 GET Path = /devstoreaccount1/testcluster-2023-01-24t21-17-32-183-3/messages status_code = 200 reason_phrase = OK numofmessages=['32']	1
127.0.0.1:10001 GET Path = /devstoreaccount1/testcluster-2023-01-24t21-17-32-183-4/messages status_code = 200 reason_phrase = OK numofmessages=['32']	1
127.0.0.1:10001 GET Path = /devstoreaccount1/testcluster-2023-01-24t21-17-32-183-1/messages status_code = 200 reason_phrase = OK numofmessages=['32']	1
127.0.0.1:10001 GET Path = /devstoreaccount1/testcluster-2023-01-24t21-17-32-183-5/messages status_code = 200 reason_phrase = OK numofmessages=['32']	1
127.0.0.1:10001 GET Path = /devstoreaccount1/testcluster-2023-01-24t21-17-32-183-2/messages status_code = 200 reason_phrase = OK numofmessages=['32']	1
127.0.0.1:10001 GET Path = /devstoreaccount1/testcluster-2023-01-24t21-17-32-183-7/messages status_code = 200 reason_phrase = OK numofmessages=['32']	1
127.0.0.1:10001 GET Path = /devstoreaccount1/testcluster-2023-01-24t21-17-32-183-0/messages status_code = 200 reason_phrase = OK numofmessages=['32']	1
127.0.0.1:10001 GET Path = /devstoreaccount1/testcluster-2023-01-24t21-17-32-183-4/messages status_code = 200 reason_phrase = OK numofmessages=['32']	1
127.0.0.1:10001 GET Path = /devstoreaccount1/testcluster-2023-01-24t21-17-32-183-3/messages status_code = 200 reason_phrase = OK numofmessages=['32']	1
127.0.0.1:10001 GET Path = /devstoreaccount1/testcluster-2023-01-24t21-17-32-183-5/messages status_code = 200 reason_phrase = OK numofmessages=['32']	1
127.0.0.1:10001 GET Path = /devstoreaccount1/testcluster-2023-01-24t21-17-32-183-1/messages status_code = 200 reason_phrase = OK numofmessages=['32']	1
127.0.0.1:10001 GET Path = /devstoreaccount1/testcluster-2023-01-24t21-17-32-183-6/messages status_code = 200 reason_phrase = OK numofmessages=['32']	1
127.0.0.1:10001 GET Path = /devstoreaccount1/testcluster-2023-01-24t21-17-32-183-2/messages status_code = 200 reason_phrase = OK numofmessages=['32']	1
127.0.0.1:10001 GET Path = /devstoreaccount1/testcluster-2023-01-24t21-17-32-183-1/messages status_code = 200 reason_phrase = OK numofmessages=['32']	1
127.0.0.1:10001 GET Path = /devstoreaccount1/testcluster-2023-01-24t21-17-32-183-7/messages status_code = 200 reason_phrase = OK numofmessages=['32']	1
127.0.0.1:10001 GET Path = /devstoreaccount1/testcluster-2023-01-24t21-17-32-183-4/messages status_code = 200 reason_phrase = OK numofmessages=['32']	1
127.0.0.1:10001 GET Path = /devstoreaccount1/testcluster-2023-01-24t21-17-32-183-0/messages status_code = 200 reason_phrase = OK numofmessages=['32']	1
127.0.0.1:10001 GET Path = /devstoreaccount1/testcluster-2023-01-24t21-17-32-183-5/messages status_code = 200 reason_phrase = OK numofmessages=['32']	1
127.0.0.1:10001 GET Path = /devstoreaccount1/testcluster-2023-01-24t21-17-32-183-3/messages status_code = 200 reason_phrase = OK numofmessages=['32']	1
127.0.0.1:10001 GET Path = /devstoreaccount1/testcluster-2023-01-24t21-17-32-183-6/messages status_code = 200 reason_phrase = OK numofmessages=['32']	1
127.0.0.1:10001 GET Path = /devstoreaccount1/testcluster-2023-01-24t21-17-32-183-2/messages status_code = 200 reason_phrase = OK numofmessages=['32']	1
127.0.0.1:10001 GET Path = /devstoreaccount1/testcluster-2023-01-24t21-17-32-183-4/messages status_code = 200 reason_phrase = OK numofmessages=['32']	1
127.0.0.1:10001 GET Path = /devstoreaccount1/testcluster-2023-01-24t21-17-32-183-1/messages status_code = 200 reason_phrase = OK numofmessages=['32']	1
127.0.0.1:10001 GET Path = /devstoreaccount1/testcluster-2023-01-24t21-17-32-183-7/messages status_code = 200 reason_phrase = OK numofmessages=['32']	1
127.0.0.1:10001 GET Path = /devstoreaccount1/testcluster-2023-01-24t21-17-32-183-2/messages status_code = 200 reason_phrase = OK numofmessages=['32']	1
127.0.0.1:10001 GET Path = /devstoreaccount1/testcluster-2023-01-24t21-17-32-183-6/messages status_code = 200 reason_phrase = OK numofmessages=['32']	1
127.0.0.1:10001 GET Path = /devstoreaccount1/testcluster-2023-01-24t21-17-32-183-5/messages status_code = 200 reason_phrase = OK numofmessages=['32']	1
127.0.0.1:10001 GET Path = /devstoreaccount1/testcluster-2023-01-24t21-17-32-183-3/messages status_code = 200 reason_phrase = OK numofmessages=['32']	1
127.0.0.1:10001 GET Path = /devstoreaccount1/testcluster-2023-01-24t21-17-32-183-0/messages status_code = 200 reason_phrase = OK numofmessages=['32']	1
127.0.0.1:10002 GET Path = /devstoreaccount1/OrleansGrainState(PartitionKey='6f72fc078c1d4ea4aa88007bf73d2af2_pubsubrendezvous_AzureQueueProvider_null_4a5044335bc14ae5bc477bac06d34a00',RowKey='PubSubRendezvousGrain') status_code = 404 reason_phrase = Not Found $format=['application/json;odata=minimalmetadata']	1
127.0.0.1:10001 GET Path = /devstoreaccount1/testcluster-2023-01-24t21-17-32-183-4/messages status_code = 200 reason_phrase = OK numofmessages=['32']	1
127.0.0.1:10001 GET Path = /devstoreaccount1/testcluster-2023-01-24t21-17-32-183-7/messages status_code = 200 reason_phrase = OK numofmessages=['32']	1
127.0.0.1:10001 GET Path = /devstoreaccount1/testcluster-2023-01-24t21-17-32-183-2/messages status_code = 200 reason_phrase = OK numofmessages=['32']	1
127.0.0.1:10001 GET Path = /devstoreaccount1/testcluster-2023-01-24t21-17-32-183-1/messages status_code = 200 reason_phrase = OK numofmessages=['32']	1
127.0.0.1:10001 GET Path = /devstoreaccount1/testcluster-2023-01-24t21-17-32-183-0/messages status_code = 200 reason_phrase = OK numofmessages=['32']	1
127.0.0.1:10001 GET Path = /devstoreaccount1/testcluster-2023-01-24t21-17-32-183-3/messages status_code = 200 reason_phrase = OK numofmessages=['32']	1
127.0.0.1:10001 GET Path = /devstoreaccount1/testcluster-2023-01-24t21-17-32-183-5/messages status_code = 200 reason_phrase = OK numofmessages=['32']	1
127.0.0.1:10002 POST Path = /devstoreaccount1/OrleansGrainState status_code = 408 reason_phrase = No Content injected $format=['application/json;odata=minimalmetadata']	1
127.0.0.1:10001 GET Path = /devstoreaccount1/testcluster-2023-01-24t21-17-32-183-6/messages status_code = 200 reason_phrase = OK numofmessages=['32']	1
127.0.0.1:10001 GET Path = /devstoreaccount1/testcluster-2023-01-24t21-17-32-183-7/messages status_code = 200 reason_phrase = OK numofmessages=['32']	1
127.0.0.1:10001 GET Path = /devstoreaccount1/testcluster-2023-01-24t21-17-32-183-4/messages status_code = 200 reason_phrase = OK numofmessages=['32']	1
127.0.0.1:10001 GET Path = /devstoreaccount1/testcluster-2023-01-24t21-17-32-183-2/messages status_code = 200 reason_phrase = OK numofmessages=['32']	1
127.0.0.1:10001 GET Path = /devstoreaccount1/testcluster-2023-01-24t21-17-32-183-0/messages status_code = 200 reason_phrase = OK numofmessages=['32']	1
127.0.0.1:10001 GET Path = /devstoreaccount1/testcluster-2023-01-24t21-17-32-183-1/messages status_code = 200 reason_phrase = OK numofmessages=['32']	1
127.0.0.1:10001 GET Path = /devstoreaccount1/testcluster-2023-01-24t21-17-32-183-3/messages status_code = 200 reason_phrase = OK numofmessages=['32']	1
127.0.0.1:10001 GET Path = /devstoreaccount1/testcluster-2023-01-24t21-17-32-183-5/messages status_code = 200 reason_phrase = OK numofmessages=['32']	1
127.0.0.1:10001 GET Path = /devstoreaccount1/testcluster-2023-01-24t21-17-32-183-6/messages status_code = 200 reason_phrase = OK numofmessages=['32']	1
127.0.0.1:10001 GET Path = /devstoreaccount1/testcluster-2023-01-24t21-17-32-183-7/messages status_code = 200 reason_phrase = OK numofmessages=['32']	1
127.0.0.1:10001 GET Path = /devstoreaccount1/testcluster-2023-01-24t21-17-32-183-4/messages status_code = 200 reason_phrase = OK numofmessages=['32']	1
127.0.0.1:10001 GET Path = /devstoreaccount1/testcluster-2023-01-24t21-17-32-183-0/messages status_code = 200 reason_phrase = OK numofmessages=['32']	1
127.0.0.1:10001 GET Path = /devstoreaccount1/testcluster-2023-01-24t21-17-32-183-1/messages status_code = 200 reason_phrase = OK numofmessages=['32']	1
127.0.0.1:10001 GET Path = /devstoreaccount1/testcluster-2023-01-24t21-17-32-183-2/messages status_code = 200 reason_phrase = OK numofmessages=['32']	1
127.0.0.1:10001 GET Path = /devstoreaccount1/testcluster-2023-01-24t21-17-32-183-5/messages status_code = 200 reason_phrase = OK numofmessages=['32']	1
127.0.0.1:10001 GET Path = /devstoreaccount1/testcluster-2023-01-24t21-17-32-183-3/messages status_code = 200 reason_phrase = OK numofmessages=['32']	1
127.0.0.1:10001 GET Path = /devstoreaccount1/testcluster-2023-01-24t21-17-32-183-6/messages status_code = 200 reason_phrase = OK numofmessages=['32']	1
127.0.0.1:10001 GET Path = /devstoreaccount1/testcluster-2023-01-24t21-17-32-183-7/messages status_code = 200 reason_phrase = OK numofmessages=['32']	1
127.0.0.1:10001 GET Path = /devstoreaccount1/testcluster-2023-01-24t21-17-32-183-4/messages status_code = 200 reason_phrase = OK numofmessages=['32']	1
127.0.0.1:10001 GET Path = /devstoreaccount1/testcluster-2023-01-24t21-17-32-183-2/messages status_code = 200 reason_phrase = OK numofmessages=['32']	1
127.0.0.1:10001 GET Path = /devstoreaccount1/testcluster-2023-01-24t21-17-32-183-1/messages status_code = 200 reason_phrase = OK numofmessages=['32']	1
127.0.0.1:10001 GET Path = /devstoreaccount1/testcluster-2023-01-24t21-17-32-183-5/messages status_code = 200 reason_phrase = OK numofmessages=['32']	1
127.0.0.1:10001 GET Path = /devstoreaccount1/testcluster-2023-01-24t21-17-32-183-0/messages status_code = 200 reason_phrase = OK numofmessages=['32']	1
127.0.0.1:10001 GET Path = /devstoreaccount1/testcluster-2023-01-24t21-17-32-183-6/messages status_code = 200 reason_phrase = OK numofmessages=['32']	1
127.0.0.1:10001 GET Path = /devstoreaccount1/testcluster-2023-01-24t21-17-32-183-3/messages status_code = 200 reason_phrase = OK numofmessages=['32']	1
127.0.0.1:10001 GET Path = /devstoreaccount1/testcluster-2023-01-24t21-17-32-183-7/messages status_code = 200 reason_phrase = OK numofmessages=['32']	1
127.0.0.1:10001 GET Path = /devstoreaccount1/testcluster-2023-01-24t21-17-32-183-4/messages status_code = 200 reason_phrase = OK numofmessages=['32']	1
127.0.0.1:10001 GET Path = /devstoreaccount1/testcluster-2023-01-24t21-17-32-183-2/messages status_code = 200 reason_phrase = OK numofmessages=['32']	1
127.0.0.1:10001 GET Path = /devstoreaccount1/testcluster-2023-01-24t21-17-32-183-1/messages status_code = 200 reason_phrase = OK numofmessages=['32']	1
127.0.0.1:10001 GET Path = /devstoreaccount1/testcluster-2023-01-24t21-17-32-183-5/messages status_code = 200 reason_phrase = OK numofmessages=['32']	1
127.0.0.1:10001 GET Path = /devstoreaccount1/testcluster-2023-01-24t21-17-32-183-0/messages status_code = 200 reason_phrase = OK numofmessages=['32']	1
127.0.0.1:10001 GET Path = /devstoreaccount1/testcluster-2023-01-24t21-17-32-183-6/messages status_code = 200 reason_phrase = OK numofmessages=['32']	1
127.0.0.1:10001 GET Path = /devstoreaccount1/testcluster-2023-01-24t21-17-32-183-3/messages status_code = 200 reason_phrase = OK numofmessages=['32']	1
127.0.0.1:10001 GET Path = /devstoreaccount1/testcluster-2023-01-24t21-17-32-183-7/messages status_code = 200 reason_phrase = OK numofmessages=['32']	1
127.0.0.1:10001 GET Path = /devstoreaccount1/testcluster-2023-01-24t21-17-32-183-4/messages status_code = 200 reason_phrase = OK numofmessages=['32']	1
127.0.0.1:10001 GET Path = /devstoreaccount1/testcluster-2023-01-24t21-17-32-183-2/messages status_code = 200 reason_phrase = OK numofmessages=['32']	1
127.0.0.1:10001 GET Path = /devstoreaccount1/testcluster-2023-01-24t21-17-32-183-1/messages status_code = 200 reason_phrase = OK numofmessages=['32']	1
127.0.0.1:10001 GET Path = /devstoreaccount1/testcluster-2023-01-24t21-17-32-183-0/messages status_code = 200 reason_phrase = OK numofmessages=['32']	1
127.0.0.1:10001 GET Path = /devstoreaccount1/testcluster-2023-01-24t21-17-32-183-5/messages status_code = 200 reason_phrase = OK numofmessages=['32']	1
127.0.0.1:10001 GET Path = /devstoreaccount1/testcluster-2023-01-24t21-17-32-183-6/messages status_code = 200 reason_phrase = OK numofmessages=['32']	1
127.0.0.1:10001 GET Path = /devstoreaccount1/testcluster-2023-01-24t21-17-32-183-3/messages status_code = 200 reason_phrase = OK numofmessages=['32']	1
127.0.0.1:10001 GET Path = /devstoreaccount1/testcluster-2023-01-24t21-17-32-183-7/messages status_code = 200 reason_phrase = OK numofmessages=['32']	1
127.0.0.1:10001 GET Path = /devstoreaccount1/testcluster-2023-01-24t21-17-32-183-4/messages status_code = 200 reason_phrase = OK numofmessages=['32']	1
127.0.0.1:10001 GET Path = /devstoreaccount1/testcluster-2023-01-24t21-17-32-183-1/messages status_code = 200 reason_phrase = OK numofmessages=['32']	1
127.0.0.1:10001 GET Path = /devstoreaccount1/testcluster-2023-01-24t21-17-32-183-2/messages status_code = 200 reason_phrase = OK numofmessages=['32']	1
127.0.0.1:10001 GET Path = /devstoreaccount1/testcluster-2023-01-24t21-17-32-183-5/messages status_code = 200 reason_phrase = OK numofmessages=['32']	1
127.0.0.1:10001 GET Path = /devstoreaccount1/testcluster-2023-01-24t21-17-32-183-0/messages status_code = 200 reason_phrase = OK numofmessages=['32']	1
127.0.0.1:10001 GET Path = /devstoreaccount1/testcluster-2023-01-24t21-17-32-183-3/messages status_code = 200 reason_phrase = OK numofmessages=['32']	1
127.0.0.1:10001 GET Path = /devstoreaccount1/testcluster-2023-01-24t21-17-32-183-6/messages status_code = 200 reason_phrase = OK numofmessages=['32']	1
127.0.0.1:10001 GET Path = /devstoreaccount1/testcluster-2023-01-24t21-17-32-183-7/messages status_code = 200 reason_phrase = OK numofmessages=['32']	1
127.0.0.1:10001 GET Path = /devstoreaccount1/testcluster-2023-01-24t21-17-32-183-4/messages status_code = 200 reason_phrase = OK numofmessages=['32']	1
127.0.0.1:10001 GET Path = /devstoreaccount1/testcluster-2023-01-24t21-17-32-183-2/messages status_code = 200 reason_phrase = OK numofmessages=['32']	1
127.0.0.1:10001 GET Path = /devstoreaccount1/testcluster-2023-01-24t21-17-32-183-1/messages status_code = 200 reason_phrase = OK numofmessages=['32']	1
127.0.0.1:10001 GET Path = /devstoreaccount1/testcluster-2023-01-24t21-17-32-183-5/messages status_code = 200 reason_phrase = OK numofmessages=['32']	1
127.0.0.1:10001 GET Path = /devstoreaccount1/testcluster-2023-01-24t21-17-32-183-0/messages status_code = 200 reason_phrase = OK numofmessages=['32']	1
127.0.0.1:10001 GET Path = /devstoreaccount1/testcluster-2023-01-24t21-17-32-183-3/messages status_code = 200 reason_phrase = OK numofmessages=['32']	1
127.0.0.1:10001 GET Path = /devstoreaccount1/testcluster-2023-01-24t21-17-32-183-6/messages status_code = 200 reason_phrase = OK numofmessages=['32']	1
127.0.0.1:10002 POST Path = /devstoreaccount1/OrleansGrainState status_code = 409 reason_phrase = Conflict $format=['application/json;odata=minimalmetadata']	1
127.0.0.1:10001 GET Path = /devstoreaccount1/testcluster-2023-01-24t21-17-32-183-7/messages status_code = 200 reason_phrase = OK numofmessages=['32']	1
127.0.0.1:10001 GET Path = /devstoreaccount1/testcluster-2023-01-24t21-17-32-183-4/messages status_code = 200 reason_phrase = OK numofmessages=['32']	1
127.0.0.1:10001 GET Path = /devstoreaccount1/testcluster-2023-01-24t21-17-32-183-2/messages status_code = 200 reason_phrase = OK numofmessages=['32']	1
127.0.0.1:10001 GET Path = /devstoreaccount1/testcluster-2023-01-24t21-17-32-183-1/messages status_code = 200 reason_phrase = OK numofmessages=['32']	1
127.0.0.1:10001 GET Path = /devstoreaccount1/testcluster-2023-01-24t21-17-32-183-0/messages status_code = 200 reason_phrase = OK numofmessages=['32']	1
127.0.0.1:10001 GET Path = /devstoreaccount1/testcluster-2023-01-24t21-17-32-183-5/messages status_code = 200 reason_phrase = OK numofmessages=['32']	1
127.0.0.1:10001 GET Path = /devstoreaccount1/testcluster-2023-01-24t21-17-32-183-3/messages status_code = 200 reason_phrase = OK numofmessages=['32']	1
127.0.0.1:10001 GET Path = /devstoreaccount1/testcluster-2023-01-24t21-17-32-183-6/messages status_code = 200 reason_phrase = OK numofmessages=['32']	1
127.0.0.1:10001 GET Path = /devstoreaccount1/testcluster-2023-01-24t21-17-32-183-7/messages status_code = 200 reason_phrase = OK numofmessages=['32']	1
127.0.0.1:10001 GET Path = /devstoreaccount1/testcluster-2023-01-24t21-17-32-183-5/messages status_code = 200 reason_phrase = OK numofmessages=['32']	1
127.0.0.1:10001 GET Path = /devstoreaccount1/testcluster-2023-01-24t21-17-32-183-3/messages status_code = 200 reason_phrase = OK numofmessages=['32']	1
127.0.0.1:10001 GET Path = /devstoreaccount1/testcluster-2023-01-24t21-17-32-183-6/messages status_code = 200 reason_phrase = OK numofmessages=['32']	1
127.0.0.1:10001 GET Path = /devstoreaccount1/testcluster-2023-01-24t21-17-32-183-7/messages status_code = 200 reason_phrase = OK numofmessages=['32']	1
127.0.0.1:10001 GET Path = /devstoreaccount1/testcluster-2023-01-24t21-17-32-183-5/messages status_code = 200 reason_phrase = OK numofmessages=['32']	1
127.0.0.1:10001 GET Path = /devstoreaccount1/testcluster-2023-01-24t21-17-32-183-3/messages status_code = 200 reason_phrase = OK numofmessages=['32']	1
127.0.0.1:10001 GET Path = /devstoreaccount1/testcluster-2023-01-24t21-17-32-183-6/messages status_code = 200 reason_phrase = OK numofmessages=['32']	1
127.0.0.1:10001 GET Path = /devstoreaccount1/testcluster-2023-01-24t21-17-32-183-7/messages status_code = 200 reason_phrase = OK numofmessages=['32']	1
127.0.0.1:10001 GET Path = /devstoreaccount1/testcluster-2023-01-24t21-17-32-183-5/messages status_code = 200 reason_phrase = OK numofmessages=['32']	1
127.0.0.1:10001 GET Path = /devstoreaccount1/testcluster-2023-01-24t21-17-32-183-3/messages status_code = 200 reason_phrase = OK numofmessages=['32']	1
127.0.0.1:10001 GET Path = /devstoreaccount1/testcluster-2023-01-24t21-17-32-183-6/messages status_code = 200 reason_phrase = OK numofmessages=['32']	1
127.0.0.1:10001 GET Path = /devstoreaccount1/testcluster-2023-01-24t21-17-32-183-7/messages status_code = 200 reason_phrase = OK numofmessages=['32']	1
127.0.0.1:10001 GET Path = /devstoreaccount1/testcluster-2023-01-24t21-17-32-183-5/messages status_code = 200 reason_phrase = OK numofmessages=['32']	1
127.0.0.1:10001 GET Path = /devstoreaccount1/testcluster-2023-01-24t21-17-32-183-3/messages status_code = 200 reason_phrase = OK numofmessages=['32']	1
127.0.0.1:10001 GET Path = /devstoreaccount1/testcluster-2023-01-24t21-17-32-183-6/messages status_code = 200 reason_phrase = OK numofmessages=['32']	1
127.0.0.1:10001 GET Path = /devstoreaccount1/testcluster-2023-01-24t21-17-32-183-7/messages status_code = 200 reason_phrase = OK numofmessages=['32']	1
127.0.0.1:10001 GET Path = /devstoreaccount1/testcluster-2023-01-24t21-17-32-183-5/messages status_code = 200 reason_phrase = OK numofmessages=['32']	1
127.0.0.1:10001 GET Path = /devstoreaccount1/testcluster-2023-01-24t21-17-32-183-3/messages status_code = 200 reason_phrase = OK numofmessages=['32']	1
127.0.0.1:10001 GET Path = /devstoreaccount1/testcluster-2023-01-24t21-17-32-183-6/messages status_code = 200 reason_phrase = OK numofmessages=['32']	1
127.0.0.1:10001 GET Path = /devstoreaccount1/testcluster-2023-01-24t21-17-32-183-7/messages status_code = 200 reason_phrase = OK numofmessages=['32']	1
127.0.0.1:10001 GET Path = /devstoreaccount1/testcluster-2023-01-24t21-17-32-183-5/messages status_code = 200 reason_phrase = OK numofmessages=['32']	1
127.0.0.1:10001 GET Path = /devstoreaccount1/testcluster-2023-01-24t21-17-32-183-3/messages status_code = 200 reason_phrase = OK numofmessages=['32']	1
127.0.0.1:10001 GET Path = /devstoreaccount1/testcluster-2023-01-24t21-17-32-183-6/messages status_code = 200 reason_phrase = OK numofmessages=['32']	1
127.0.0.1:10001 GET Path = /devstoreaccount1/testcluster-2023-01-24t21-17-32-183-7/messages status_code = 200 reason_phrase = OK numofmessages=['32']	1
127.0.0.1:10001 GET Path = /devstoreaccount1/testcluster-2023-01-24t21-17-32-183-5/messages status_code = 200 reason_phrase = OK numofmessages=['32']	1
127.0.0.1:10001 GET Path = /devstoreaccount1/testcluster-2023-01-24t21-17-32-183-3/messages status_code = 200 reason_phrase = OK numofmessages=['32']	1
127.0.0.1:10001 GET Path = /devstoreaccount1/testcluster-2023-01-24t21-17-32-183-6/messages status_code = 200 reason_phrase = OK numofmessages=['32']	1
127.0.0.1:10001 GET Path = /devstoreaccount1/testcluster-2023-01-24t21-17-32-183-7/messages status_code = 200 reason_phrase = OK numofmessages=['32']	1
127.0.0.1:10001 GET Path = /devstoreaccount1/testcluster-2023-01-24t21-17-32-183-5/messages status_code = 200 reason_phrase = OK numofmessages=['32']	1
127.0.0.1:10001 GET Path = /devstoreaccount1/testcluster-2023-01-24t21-17-32-183-3/messages status_code = 200 reason_phrase = OK numofmessages=['32']	1
127.0.0.1:10001 GET Path = /devstoreaccount1/testcluster-2023-01-24t21-17-32-183-6/messages status_code = 200 reason_phrase = OK numofmessages=['32']	1
127.0.0.1:10001 GET Path = /devstoreaccount1/testcluster-2023-01-24t21-17-32-183-7/messages status_code = 200 reason_phrase = OK numofmessages=['32']	1
127.0.0.1:10001 GET Path = /devstoreaccount1/testcluster-2023-01-24t21-17-32-183-5/messages status_code = 200 reason_phrase = OK numofmessages=['32']	1
127.0.0.1:10001 GET Path = /devstoreaccount1/testcluster-2023-01-24t21-17-32-183-3/messages status_code = 200 reason_phrase = OK numofmessages=['32']	1
127.0.0.1:10001 GET Path = /devstoreaccount1/testcluster-2023-01-24t21-17-32-183-6/messages status_code = 200 reason_phrase = OK numofmessages=['32']	1
127.0.0.1:10001 GET Path = /devstoreaccount1/testcluster-2023-01-24t21-17-32-183-7/messages status_code = 200 reason_phrase = OK numofmessages=['32']	1
127.0.0.1:10001 GET Path = /devstoreaccount1/testcluster-2023-01-24t21-17-32-183-5/messages status_code = 200 reason_phrase = OK numofmessages=['32']	1
127.0.0.1:10001 GET Path = /devstoreaccount1/testcluster-2023-01-24t21-17-32-183-3/messages status_code = 200 reason_phrase = OK numofmessages=['32']	1
127.0.0.1:10001 GET Path = /devstoreaccount1/testcluster-2023-01-24t21-17-32-183-6/messages status_code = 200 reason_phrase = OK numofmessages=['32']	1
127.0.0.1:10001 GET Path = /devstoreaccount1/testcluster-2023-01-24t21-17-32-183-7/messages status_code = 200 reason_phrase = OK numofmessages=['32']	1
127.0.0.1:10001 GET Path = /devstoreaccount1/testcluster-2023-01-24t21-17-32-183-5/messages status_code = 200 reason_phrase = OK numofmessages=['32']	1
127.0.0.1:10001 GET Path = /devstoreaccount1/testcluster-2023-01-24t21-17-32-183-3/messages status_code = 200 reason_phrase = OK numofmessages=['32']	1
127.0.0.1:10001 GET Path = /devstoreaccount1/testcluster-2023-01-24t21-17-32-183-6/messages status_code = 200 reason_phrase = OK numofmessages=['32']	1
127.0.0.1:10001 GET Path = /devstoreaccount1/testcluster-2023-01-24t21-17-32-183-7/messages status_code = 200 reason_phrase = OK numofmessages=['32']	1
127.0.0.1:10001 GET Path = /devstoreaccount1/testcluster-2023-01-24t21-17-32-183-5/messages status_code = 200 reason_phrase = OK numofmessages=['32']	1
127.0.0.1:10001 GET Path = /devstoreaccount1/testcluster-2023-01-24t21-17-32-183-3/messages status_code = 200 reason_phrase = OK numofmessages=['32']	1
127.0.0.1:10001 GET Path = /devstoreaccount1/testcluster-2023-01-24t21-17-32-183-6/messages status_code = 200 reason_phrase = OK numofmessages=['32']	1
127.0.0.1:10001 GET Path = /devstoreaccount1/testcluster-2023-01-24t21-17-32-183-7/messages status_code = 200 reason_phrase = OK numofmessages=['32']	1
127.0.0.1:10001 GET Path = /devstoreaccount1/testcluster-2023-01-24t21-17-32-183-5/messages status_code = 200 reason_phrase = OK numofmessages=['32']	1
127.0.0.1:10001 GET Path = /devstoreaccount1/testcluster-2023-01-24t21-17-32-183-3/messages status_code = 200 reason_phrase = OK numofmessages=['32']	1
127.0.0.1:10001 GET Path = /devstoreaccount1/testcluster-2023-01-24t21-17-32-183-6/messages status_code = 200 reason_phrase = OK numofmessages=['32']	1
127.0.0.1:10001 GET Path = /devstoreaccount1/testcluster-2023-01-24t21-17-32-183-7/messages status_code = 200 reason_phrase = OK numofmessages=['32']	1
127.0.0.1:10001 GET Path = /devstoreaccount1/testcluster-2023-01-24t21-17-32-183-5/messages status_code = 200 reason_phrase = OK numofmessages=['32']	1
127.0.0.1:10001 GET Path = /devstoreaccount1/testcluster-2023-01-24t21-17-32-183-3/messages status_code = 200 reason_phrase = OK numofmessages=['32']	1
127.0.0.1:10001 GET Path = /devstoreaccount1/testcluster-2023-01-24t21-17-32-183-6/messages status_code = 200 reason_phrase = OK numofmessages=['32']	1
127.0.0.1:10001 GET Path = /devstoreaccount1/testcluster-2023-01-24t21-17-32-183-7/messages status_code = 200 reason_phrase = OK numofmessages=['32']	1
127.0.0.1:10001 GET Path = /devstoreaccount1/testcluster-2023-01-24t21-17-32-183-5/messages status_code = 200 reason_phrase = OK numofmessages=['32']	1
127.0.0.1:10001 GET Path = /devstoreaccount1/testcluster-2023-01-24t21-17-32-183-3/messages status_code = 200 reason_phrase = OK numofmessages=['32']	1
127.0.0.1:10001 GET Path = /devstoreaccount1/testcluster-2023-01-24t21-17-32-183-6/messages status_code = 200 reason_phrase = OK numofmessages=['32']	1
127.0.0.1:10001 GET Path = /devstoreaccount1/testcluster-2023-01-24t21-17-32-183-7/messages status_code = 200 reason_phrase = OK numofmessages=['32']	1
127.0.0.1:10001 GET Path = /devstoreaccount1/testcluster-2023-01-24t21-17-32-183-5/messages status_code = 200 reason_phrase = OK numofmessages=['32']	1
127.0.0.1:10001 GET Path = /devstoreaccount1/testcluster-2023-01-24t21-17-32-183-3/messages status_code = 200 reason_phrase = OK numofmessages=['32']	1
127.0.0.1:10001 GET Path = /devstoreaccount1/testcluster-2023-01-24t21-17-32-183-6/messages status_code = 200 reason_phrase = OK numofmessages=['32']	1
127.0.0.1:10001 GET Path = /devstoreaccount1/testcluster-2023-01-24t21-17-32-183-7/messages status_code = 200 reason_phrase = OK numofmessages=['32']	1
127.0.0.1:10001 GET Path = /devstoreaccount1/testcluster-2023-01-24t21-17-32-183-5/messages status_code = 200 reason_phrase = OK numofmessages=['32']	1
127.0.0.1:10001 GET Path = /devstoreaccount1/testcluster-2023-01-24t21-17-32-183-3/messages status_code = 200 reason_phrase = OK numofmessages=['32']	1
127.0.0.1:10001 GET Path = /devstoreaccount1/testcluster-2023-01-24t21-17-32-183-6/messages status_code = 200 reason_phrase = OK numofmessages=['32']	1
127.0.0.1:10001 GET Path = /devstoreaccount1/testcluster-2023-01-24t21-17-32-183-7/messages status_code = 200 reason_phrase = OK numofmessages=['32']	1
127.0.0.1:10001 GET Path = /devstoreaccount1/testcluster-2023-01-24t21-17-32-183-5/messages status_code = 200 reason_phrase = OK numofmessages=['32']	1
127.0.0.1:10001 GET Path = /devstoreaccount1/testcluster-2023-01-24t21-17-32-183-3/messages status_code = 200 reason_phrase = OK numofmessages=['32']	1
127.0.0.1:10001 GET Path = /devstoreaccount1/testcluster-2023-01-24t21-17-32-183-6/messages status_code = 200 reason_phrase = OK numofmessages=['32']	1
127.0.0.1:10001 GET Path = /devstoreaccount1/testcluster-2023-01-24t21-17-32-183-7/messages status_code = 200 reason_phrase = OK numofmessages=['32']	1
127.0.0.1:10001 GET Path = /devstoreaccount1/testcluster-2023-01-24t21-17-32-183-5/messages status_code = 200 reason_phrase = OK numofmessages=['32']	1
127.0.0.1:10001 GET Path = /devstoreaccount1/testcluster-2023-01-24t21-17-32-183-3/messages status_code = 200 reason_phrase = OK numofmessages=['32']	1
127.0.0.1:10001 GET Path = /devstoreaccount1/testcluster-2023-01-24t21-17-32-183-6/messages status_code = 200 reason_phrase = OK numofmessages=['32']	1
127.0.0.1:10001 GET Path = /devstoreaccount1/testcluster-2023-01-24t21-17-32-183-7/messages status_code = 200 reason_phrase = OK numofmessages=['32']	1
127.0.0.1:10001 GET Path = /devstoreaccount1/testcluster-2023-01-24t21-17-32-183-5/messages status_code = 200 reason_phrase = OK numofmessages=['32']	1
127.0.0.1:10001 GET Path = /devstoreaccount1/testcluster-2023-01-24t21-17-32-183-3/messages status_code = 200 reason_phrase = OK numofmessages=['32']	1
127.0.0.1:10001 GET Path = /devstoreaccount1/testcluster-2023-01-24t21-17-32-183-6/messages status_code = 200 reason_phrase = OK numofmessages=['32']	1
127.0.0.1:10001 GET Path = /devstoreaccount1/testcluster-2023-01-24t21-17-32-183-7/messages status_code = 200 reason_phrase = OK numofmessages=['32']	1
127.0.0.1:10001 GET Path = /devstoreaccount1/testcluster-2023-01-24t21-17-32-183-5/messages status_code = 200 reason_phrase = OK numofmessages=['32']	1
127.0.0.1:10001 GET Path = /devstoreaccount1/testcluster-2023-01-24t21-17-32-183-3/messages status_code = 200 reason_phrase = OK numofmessages=['32']	1
127.0.0.1:10001 GET Path = /devstoreaccount1/testcluster-2023-01-24t21-17-32-183-6/messages status_code = 200 reason_phrase = OK numofmessages=['32']	1
127.0.0.1:10001 GET Path = /devstoreaccount1/testcluster-2023-01-24t21-17-32-183-7/messages status_code = 200 reason_phrase = OK numofmessages=['32']	1
127.0.0.1:10001 GET Path = /devstoreaccount1/testcluster-2023-01-24t21-17-32-183-5/messages status_code = 200 reason_phrase = OK numofmessages=['32']	1
127.0.0.1:10001 GET Path = /devstoreaccount1/testcluster-2023-01-24t21-17-32-183-3/messages status_code = 200 reason_phrase = OK numofmessages=['32']	1
127.0.0.1:10001 GET Path = /devstoreaccount1/testcluster-2023-01-24t21-17-32-183-6/messages status_code = 200 reason_phrase = OK numofmessages=['32']	1
127.0.0.1:10001 GET Path = /devstoreaccount1/testcluster-2023-01-24t21-17-32-183-7/messages status_code = 200 reason_phrase = OK numofmessages=['32']	1
127.0.0.1:10001 GET Path = /devstoreaccount1/testcluster-2023-01-24t21-17-32-183-5/messages status_code = 200 reason_phrase = OK numofmessages=['32']	1
127.0.0.1:10001 GET Path = /devstoreaccount1/testcluster-2023-01-24t21-17-32-183-3/messages status_code = 200 reason_phrase = OK numofmessages=['32']	1
127.0.0.1:10001 GET Path = /devstoreaccount1/testcluster-2023-01-24t21-17-32-183-6/messages status_code = 200 reason_phrase = OK numofmessages=['32']	1
127.0.0.1:10001 GET Path = /devstoreaccount1/testcluster-2023-01-24t21-17-32-183-7/messages status_code = 200 reason_phrase = OK numofmessages=['32']	1
127.0.0.1:10001 GET Path = /devstoreaccount1/testcluster-2023-01-24t21-17-32-183-5/messages status_code = 200 reason_phrase = OK numofmessages=['32']	1
127.0.0.1:10001 GET Path = /devstoreaccount1/testcluster-2023-01-24t21-17-32-183-3/messages status_code = 200 reason_phrase = OK numofmessages=['32']	1
127.0.0.1:10001 GET Path = /devstoreaccount1/testcluster-2023-01-24t21-17-32-183-6/messages status_code = 200 reason_phrase = OK numofmessages=['32']	1
127.0.0.1:10001 GET Path = /devstoreaccount1/testcluster-2023-01-24t21-17-32-183-7/messages status_code = 200 reason_phrase = OK numofmessages=['32']	1
127.0.0.1:10001 GET Path = /devstoreaccount1/testcluster-2023-01-24t21-17-32-183-3/messages status_code = 200 reason_phrase = OK numofmessages=['32']	1
127.0.0.1:10001 GET Path = /devstoreaccount1/testcluster-2023-01-24t21-17-32-183-5/messages status_code = 200 reason_phrase = OK numofmessages=['32']	1
127.0.0.1:10001 GET Path = /devstoreaccount1/testcluster-2023-01-24t21-17-32-183-6/messages status_code = 200 reason_phrase = OK numofmessages=['32']	1
127.0.0.1:10001 GET Path = /devstoreaccount1/testcluster-2023-01-24t21-17-32-183-7/messages status_code = 200 reason_phrase = OK numofmessages=['32']	1
127.0.0.1:10001 GET Path = /devstoreaccount1/testcluster-2023-01-24t21-17-32-183-5/messages status_code = 200 reason_phrase = OK numofmessages=['32']	1
127.0.0.1:10001 GET Path = /devstoreaccount1/testcluster-2023-01-24t21-17-32-183-3/messages status_code = 200 reason_phrase = OK numofmessages=['32']	1
127.0.0.1:10001 GET Path = /devstoreaccount1/testcluster-2023-01-24t21-17-32-183-7/messages status_code = 200 reason_phrase = OK numofmessages=['32']	1
127.0.0.1:10001 GET Path = /devstoreaccount1/testcluster-2023-01-24t21-17-32-183-6/messages status_code = 200 reason_phrase = OK numofmessages=['32']	1
127.0.0.1:10001 GET Path = /devstoreaccount1/testcluster-2023-01-24t21-17-32-183-5/messages status_code = 200 reason_phrase = OK numofmessages=['32']	1
127.0.0.1:10001 GET Path = /devstoreaccount1/testcluster-2023-01-24t21-17-32-183-3/messages status_code = 200 reason_phrase = OK numofmessages=['32']	1
127.0.0.1:10001 GET Path = /devstoreaccount1/testcluster-2023-01-24t21-17-32-183-7/messages status_code = 200 reason_phrase = OK numofmessages=['32']	1
127.0.0.1:10001 GET Path = /devstoreaccount1/testcluster-2023-01-24t21-17-32-183-6/messages status_code = 200 reason_phrase = OK numofmessages=['32']	1
127.0.0.1:10001 GET Path = /devstoreaccount1/testcluster-2023-01-24t21-17-32-183-5/messages status_code = 200 reason_phrase = OK numofmessages=['32']	1
127.0.0.1:10001 GET Path = /devstoreaccount1/testcluster-2023-01-24t21-17-32-183-3/messages status_code = 200 reason_phrase = OK numofmessages=['32']	1
127.0.0.1:10001 GET Path = /devstoreaccount1/testcluster-2023-01-24t21-17-32-183-7/messages status_code = 200 reason_phrase = OK numofmessages=['32']	1
127.0.0.1:10001 GET Path = /devstoreaccount1/testcluster-2023-01-24t21-17-32-183-6/messages status_code = 200 reason_phrase = OK numofmessages=['32']	1
127.0.0.1:10001 GET Path = /devstoreaccount1/testcluster-2023-01-24t21-17-32-183-3/messages status_code = 200 reason_phrase = OK numofmessages=['32']	1
127.0.0.1:10001 GET Path = /devstoreaccount1/testcluster-2023-01-24t21-17-32-183-5/messages status_code = 200 reason_phrase = OK numofmessages=['32']	1
127.0.0.1:10001 GET Path = /devstoreaccount1/testcluster-2023-01-24t21-17-32-183-7/messages status_code = 200 reason_phrase = OK numofmessages=['32']	1
127.0.0.1:10001 GET Path = /devstoreaccount1/testcluster-2023-01-24t21-17-32-183-6/messages status_code = 200 reason_phrase = OK numofmessages=['32']	1
127.0.0.1:10001 GET Path = /devstoreaccount1/testcluster-2023-01-24t21-17-32-183-5/messages status_code = 200 reason_phrase = OK numofmessages=['32']	1
127.0.0.1:10001 GET Path = /devstoreaccount1/testcluster-2023-01-24t21-17-32-183-3/messages status_code = 200 reason_phrase = OK numofmessages=['32']	1
127.0.0.1:10001 GET Path = /devstoreaccount1/testcluster-2023-01-24t21-17-32-183-7/messages status_code = 200 reason_phrase = OK numofmessages=['32']	1
127.0.0.1:10001 GET Path = /devstoreaccount1/testcluster-2023-01-24t21-17-32-183-6/messages status_code = 200 reason_phrase = OK numofmessages=['32']	1
127.0.0.1:10001 GET Path = /devstoreaccount1/testcluster-2023-01-24t21-17-32-183-3/messages status_code = 200 reason_phrase = OK numofmessages=['32']	1
127.0.0.1:10001 GET Path = /devstoreaccount1/testcluster-2023-01-24t21-17-32-183-5/messages status_code = 200 reason_phrase = OK numofmessages=['32']	1
127.0.0.1:10001 GET Path = /devstoreaccount1/testcluster-2023-01-24t21-17-32-183-6/messages status_code = 200 reason_phrase = OK numofmessages=['32']	1
127.0.0.1:10001 GET Path = /devstoreaccount1/testcluster-2023-01-24t21-17-32-183-7/messages status_code = 200 reason_phrase = OK numofmessages=['32']	1
127.0.0.1:10001 GET Path = /devstoreaccount1/testcluster-2023-01-24t21-17-32-183-5/messages status_code = 200 reason_phrase = OK numofmessages=['32']	1
127.0.0.1:10001 GET Path = /devstoreaccount1/testcluster-2023-01-24t21-17-32-183-3/messages status_code = 200 reason_phrase = OK numofmessages=['32']	1
127.0.0.1:10001 GET Path = /devstoreaccount1/testcluster-2023-01-24t21-17-32-183-7/messages status_code = 200 reason_phrase = OK numofmessages=['32']	1
127.0.0.1:10001 GET Path = /devstoreaccount1/testcluster-2023-01-24t21-17-32-183-6/messages status_code = 200 reason_phrase = OK numofmessages=['32']	1
127.0.0.1:10001 GET Path = /devstoreaccount1/testcluster-2023-01-24t21-17-32-183-3/messages status_code = 200 reason_phrase = OK numofmessages=['32']	1
127.0.0.1:10001 GET Path = /devstoreaccount1/testcluster-2023-01-24t21-17-32-183-5/messages status_code = 200 reason_phrase = OK numofmessages=['32']	1
127.0.0.1:10001 GET Path = /devstoreaccount1/testcluster-2023-01-24t21-17-32-183-6/messages status_code = 200 reason_phrase = OK numofmessages=['32']	1
127.0.0.1:10001 GET Path = /devstoreaccount1/testcluster-2023-01-24t21-17-32-183-7/messages status_code = 200 reason_phrase = OK numofmessages=['32']	1
127.0.0.1:10001 GET Path = /devstoreaccount1/testcluster-2023-01-24t21-17-32-183-5/messages status_code = 200 reason_phrase = OK numofmessages=['32']	1
127.0.0.1:10001 GET Path = /devstoreaccount1/testcluster-2023-01-24t21-17-32-183-3/messages status_code = 200 reason_phrase = OK numofmessages=['32']	1
127.0.0.1:10001 GET Path = /devstoreaccount1/testcluster-2023-01-24t21-17-32-183-6/messages status_code = 200 reason_phrase = OK numofmessages=['32']	1
127.0.0.1:10001 GET Path = /devstoreaccount1/testcluster-2023-01-24t21-17-32-183-7/messages status_code = 200 reason_phrase = OK numofmessages=['32']	1
127.0.0.1:10001 GET Path = /devstoreaccount1/testcluster-2023-01-24t21-17-32-183-5/messages status_code = 200 reason_phrase = OK numofmessages=['32']	1
127.0.0.1:10001 GET Path = /devstoreaccount1/testcluster-2023-01-24t21-17-32-183-3/messages status_code = 200 reason_phrase = OK numofmessages=['32']	1
127.0.0.1:10001 GET Path = /devstoreaccount1/testcluster-2023-01-24t21-17-32-183-7/messages status_code = 200 reason_phrase = OK numofmessages=['32']	1
127.0.0.1:10001 GET Path = /devstoreaccount1/testcluster-2023-01-24t21-17-32-183-6/messages status_code = 200 reason_phrase = OK numofmessages=['32']	1
127.0.0.1:10001 GET Path = /devstoreaccount1/testcluster-2023-01-24t21-17-32-183-3/messages status_code = 200 reason_phrase = OK numofmessages=['32']	1
127.0.0.1:10001 GET Path = /devstoreaccount1/testcluster-2023-01-24t21-17-32-183-5/messages status_code = 200 reason_phrase = OK numofmessages=['32']	1
127.0.0.1:10001 GET Path = /devstoreaccount1/testcluster-2023-01-24t21-17-32-183-6/messages status_code = 200 reason_phrase = OK numofmessages=['32']	1
127.0.0.1:10001 GET Path = /devstoreaccount1/testcluster-2023-01-24t21-17-32-183-7/messages status_code = 200 reason_phrase = OK numofmessages=['32']	1
127.0.0.1:10001 GET Path = /devstoreaccount1/testcluster-2023-01-24t21-17-32-183-5/messages status_code = 200 reason_phrase = OK numofmessages=['32']	1
127.0.0.1:10001 GET Path = /devstoreaccount1/testcluster-2023-01-24t21-17-32-183-3/messages status_code = 200 reason_phrase = OK numofmessages=['32']	1
127.0.0.1:10001 GET Path = /devstoreaccount1/testcluster-2023-01-24t21-17-32-183-7/messages status_code = 200 reason_phrase = OK numofmessages=['32']	1
127.0.0.1:10001 GET Path = /devstoreaccount1/testcluster-2023-01-24t21-17-32-183-6/messages status_code = 200 reason_phrase = OK numofmessages=['32']	1
127.0.0.1:10001 GET Path = /devstoreaccount1/testcluster-2023-01-24t21-17-32-183-5/messages status_code = 200 reason_phrase = OK numofmessages=['32']	1
127.0.0.1:10001 GET Path = /devstoreaccount1/testcluster-2023-01-24t21-17-32-183-3/messages status_code = 200 reason_phrase = OK numofmessages=['32']	1
127.0.0.1:10001 GET Path = /devstoreaccount1/testcluster-2023-01-24t21-17-32-183-6/messages status_code = 200 reason_phrase = OK numofmessages=['32']	1
127.0.0.1:10001 GET Path = /devstoreaccount1/testcluster-2023-01-24t21-17-32-183-7/messages status_code = 200 reason_phrase = OK numofmessages=['32']	1
127.0.0.1:10001 GET Path = /devstoreaccount1/testcluster-2023-01-24t21-17-32-183-5/messages status_code = 200 reason_phrase = OK numofmessages=['32']	1
127.0.0.1:10001 GET Path = /devstoreaccount1/testcluster-2023-01-24t21-17-32-183-3/messages status_code = 200 reason_phrase = OK numofmessages=['32']	1
127.0.0.1:10001 GET Path = /devstoreaccount1/testcluster-2023-01-24t21-17-32-183-6/messages status_code = 200 reason_phrase = OK numofmessages=['32']	1
127.0.0.1:10001 GET Path = /devstoreaccount1/testcluster-2023-01-24t21-17-32-183-7/messages status_code = 200 reason_phrase = OK numofmessages=['32']	1
127.0.0.1:10001 GET Path = /devstoreaccount1/testcluster-2023-01-24t21-17-32-183-5/messages status_code = 200 reason_phrase = OK numofmessages=['32']	1
127.0.0.1:10001 GET Path = /devstoreaccount1/testcluster-2023-01-24t21-17-32-183-3/messages status_code = 200 reason_phrase = OK numofmessages=['32']	1
127.0.0.1:10001 GET Path = /devstoreaccount1/testcluster-2023-01-24t21-17-32-183-7/messages status_code = 200 reason_phrase = OK numofmessages=['32']	1
127.0.0.1:10001 GET Path = /devstoreaccount1/testcluster-2023-01-24t21-17-32-183-6/messages status_code = 200 reason_phrase = OK numofmessages=['32']	1
127.0.0.1:10001 GET Path = /devstoreaccount1/testcluster-2023-01-24t21-17-32-183-5/messages status_code = 200 reason_phrase = OK numofmessages=['32']	1
127.0.0.1:10001 GET Path = /devstoreaccount1/testcluster-2023-01-24t21-17-32-183-6/messages status_code = 200 reason_phrase = OK numofmessages=['32']	1
127.0.0.1:10001 GET Path = /devstoreaccount1/testcluster-2023-01-24t21-17-32-183-3/messages status_code = 200 reason_phrase = OK numofmessages=['32']	1
127.0.0.1:10001 GET Path = /devstoreaccount1/testcluster-2023-01-24t21-17-32-183-7/messages status_code = 200 reason_phrase = OK numofmessages=['32']	1
127.0.0.1:10001 GET Path = /devstoreaccount1/testcluster-2023-01-24t21-17-32-183-5/messages status_code = 200 reason_phrase = OK numofmessages=['32']	1
127.0.0.1:10001 GET Path = /devstoreaccount1/testcluster-2023-01-24t21-17-32-183-7/messages status_code = 200 reason_phrase = OK numofmessages=['32']	1
127.0.0.1:10001 GET Path = /devstoreaccount1/testcluster-2023-01-24t21-17-32-183-3/messages status_code = 200 reason_phrase = OK numofmessages=['32']	1
127.0.0.1:10001 GET Path = /devstoreaccount1/testcluster-2023-01-24t21-17-32-183-6/messages status_code = 200 reason_phrase = OK numofmessages=['32']	1
127.0.0.1:10001 GET Path = /devstoreaccount1/testcluster-2023-01-24t21-17-32-183-5/messages status_code = 200 reason_phrase = OK numofmessages=['32']	1
127.0.0.1:10001 GET Path = /devstoreaccount1/testcluster-2023-01-24t21-17-32-183-6/messages status_code = 200 reason_phrase = OK numofmessages=['32']	1
127.0.0.1:10001 GET Path = /devstoreaccount1/testcluster-2023-01-24t21-17-32-183-7/messages status_code = 200 reason_phrase = OK numofmessages=['32']	1
127.0.0.1:10001 GET Path = /devstoreaccount1/testcluster-2023-01-24t21-17-32-183-3/messages status_code = 200 reason_phrase = OK numofmessages=['32']	1
127.0.0.1:10001 PUT Path = /devstoreaccount1/testcluster-2023-01-24t21-17-32-183-1 status_code = 204 reason_phrase = No Content	1
127.0.0.1:10001 PUT Path = /devstoreaccount1/testcluster-2023-01-24t21-17-32-183-4 status_code = 204 reason_phrase = No Content	1
127.0.0.1:10001 PUT Path = /devstoreaccount1/testcluster-2023-01-24t21-17-32-183-0 status_code = 204 reason_phrase = No Content	1
127.0.0.1:10001 PUT Path = /devstoreaccount1/testcluster-2023-01-24t21-17-32-183-2 status_code = 204 reason_phrase = No Content	1
127.0.0.1:10001 GET Path = /devstoreaccount1/testcluster-2023-01-24t21-17-32-183-1/messages status_code = 200 reason_phrase = OK numofmessages=['32']	1
127.0.0.1:10001 GET Path = /devstoreaccount1/testcluster-2023-01-24t21-17-32-183-4/messages status_code = 200 reason_phrase = OK numofmessages=['32']	1
127.0.0.1:10001 GET Path = /devstoreaccount1/testcluster-2023-01-24t21-17-32-183-0/messages status_code = 200 reason_phrase = OK numofmessages=['32']	1
127.0.0.1:10001 GET Path = /devstoreaccount1/testcluster-2023-01-24t21-17-32-183-2/messages status_code = 200 reason_phrase = OK numofmessages=['32']	1
127.0.0.1:10001 GET Path = /devstoreaccount1/testcluster-2023-01-24t21-17-32-183-5/messages status_code = 200 reason_phrase = OK numofmessages=['32']	1
127.0.0.1:10001 GET Path = /devstoreaccount1/testcluster-2023-01-24t21-17-32-183-6/messages status_code = 200 reason_phrase = OK numofmessages=['32']	1
127.0.0.1:10001 GET Path = /devstoreaccount1/testcluster-2023-01-24t21-17-32-183-7/messages status_code = 200 reason_phrase = OK numofmessages=['32']	1
127.0.0.1:10001 GET Path = /devstoreaccount1/testcluster-2023-01-24t21-17-32-183-3/messages status_code = 200 reason_phrase = OK numofmessages=['32']	1
127.0.0.1:10001 GET Path = /devstoreaccount1/testcluster-2023-01-24t21-17-32-183-4/messages status_code = 200 reason_phrase = OK numofmessages=['32']	1
127.0.0.1:10001 GET Path = /devstoreaccount1/testcluster-2023-01-24t21-17-32-183-1/messages status_code = 200 reason_phrase = OK numofmessages=['32']	1
127.0.0.1:10001 GET Path = /devstoreaccount1/testcluster-2023-01-24t21-17-32-183-0/messages status_code = 200 reason_phrase = OK numofmessages=['32']	1
127.0.0.1:10001 GET Path = /devstoreaccount1/testcluster-2023-01-24t21-17-32-183-5/messages status_code = 200 reason_phrase = OK numofmessages=['32']	1
127.0.0.1:10001 GET Path = /devstoreaccount1/testcluster-2023-01-24t21-17-32-183-2/messages status_code = 200 reason_phrase = OK numofmessages=['32']	1
127.0.0.1:10001 GET Path = /devstoreaccount1/testcluster-2023-01-24t21-17-32-183-6/messages status_code = 200 reason_phrase = OK numofmessages=['32']	1
127.0.0.1:10001 GET Path = /devstoreaccount1/testcluster-2023-01-24t21-17-32-183-7/messages status_code = 200 reason_phrase = OK numofmessages=['32']	1
127.0.0.1:10001 GET Path = /devstoreaccount1/testcluster-2023-01-24t21-17-32-183-3/messages status_code = 200 reason_phrase = OK numofmessages=['32']	1
127.0.0.1:10001 GET Path = /devstoreaccount1/testcluster-2023-01-24t21-17-32-183-1/messages status_code = 200 reason_phrase = OK numofmessages=['32']	1
127.0.0.1:10001 GET Path = /devstoreaccount1/testcluster-2023-01-24t21-17-32-183-4/messages status_code = 200 reason_phrase = OK numofmessages=['32']	1
127.0.0.1:10001 GET Path = /devstoreaccount1/testcluster-2023-01-24t21-17-32-183-0/messages status_code = 200 reason_phrase = OK numofmessages=['32']	1
127.0.0.1:10001 GET Path = /devstoreaccount1/testcluster-2023-01-24t21-17-32-183-5/messages status_code = 200 reason_phrase = OK numofmessages=['32']	1
127.0.0.1:10001 GET Path = /devstoreaccount1/testcluster-2023-01-24t21-17-32-183-2/messages status_code = 200 reason_phrase = OK numofmessages=['32']	1
127.0.0.1:10001 GET Path = /devstoreaccount1/testcluster-2023-01-24t21-17-32-183-7/messages status_code = 200 reason_phrase = OK numofmessages=['32']	1
127.0.0.1:10001 GET Path = /devstoreaccount1/testcluster-2023-01-24t21-17-32-183-6/messages status_code = 200 reason_phrase = OK numofmessages=['32']	1
127.0.0.1:10001 GET Path = /devstoreaccount1/testcluster-2023-01-24t21-17-32-183-3/messages status_code = 200 reason_phrase = OK numofmessages=['32']	1
127.0.0.1:10001 GET Path = /devstoreaccount1/testcluster-2023-01-24t21-17-32-183-1/messages status_code = 200 reason_phrase = OK numofmessages=['32']	1
127.0.0.1:10001 GET Path = /devstoreaccount1/testcluster-2023-01-24t21-17-32-183-4/messages status_code = 200 reason_phrase = OK numofmessages=['32']	1
127.0.0.1:10001 GET Path = /devstoreaccount1/testcluster-2023-01-24t21-17-32-183-0/messages status_code = 200 reason_phrase = OK numofmessages=['32']	1
127.0.0.1:10001 GET Path = /devstoreaccount1/testcluster-2023-01-24t21-17-32-183-5/messages status_code = 200 reason_phrase = OK numofmessages=['32']	1
127.0.0.1:10001 GET Path = /devstoreaccount1/testcluster-2023-01-24t21-17-32-183-2/messages status_code = 200 reason_phrase = OK numofmessages=['32']	1
127.0.0.1:10001 GET Path = /devstoreaccount1/testcluster-2023-01-24t21-17-32-183-6/messages status_code = 200 reason_phrase = OK numofmessages=['32']	1
127.0.0.1:10001 GET Path = /devstoreaccount1/testcluster-2023-01-24t21-17-32-183-7/messages status_code = 200 reason_phrase = OK numofmessages=['32']	1
127.0.0.1:10001 GET Path = /devstoreaccount1/testcluster-2023-01-24t21-17-32-183-3/messages status_code = 200 reason_phrase = OK numofmessages=['32']	1
127.0.0.1:10001 GET Path = /devstoreaccount1/testcluster-2023-01-24t21-17-32-183-1/messages status_code = 200 reason_phrase = OK numofmessages=['32']	1
127.0.0.1:10001 GET Path = /devstoreaccount1/testcluster-2023-01-24t21-17-32-183-4/messages status_code = 200 reason_phrase = OK numofmessages=['32']	1
127.0.0.1:10001 GET Path = /devstoreaccount1/testcluster-2023-01-24t21-17-32-183-0/messages status_code = 200 reason_phrase = OK numofmessages=['32']	1
127.0.0.1:10001 GET Path = /devstoreaccount1/testcluster-2023-01-24t21-17-32-183-2/messages status_code = 200 reason_phrase = OK numofmessages=['32']	1
127.0.0.1:10001 GET Path = /devstoreaccount1/testcluster-2023-01-24t21-17-32-183-5/messages status_code = 200 reason_phrase = OK numofmessages=['32']	1
127.0.0.1:10001 GET Path = /devstoreaccount1/testcluster-2023-01-24t21-17-32-183-7/messages status_code = 200 reason_phrase = OK numofmessages=['32']	1
127.0.0.1:10001 GET Path = /devstoreaccount1/testcluster-2023-01-24t21-17-32-183-6/messages status_code = 200 reason_phrase = OK numofmessages=['32']	1
127.0.0.1:10001 GET Path = /devstoreaccount1/testcluster-2023-01-24t21-17-32-183-3/messages status_code = 200 reason_phrase = OK numofmessages=['32']	1
127.0.0.1:10001 GET Path = /devstoreaccount1/testcluster-2023-01-24t21-17-32-183-1/messages status_code = 200 reason_phrase = OK numofmessages=['32']	1
127.0.0.1:10001 GET Path = /devstoreaccount1/testcluster-2023-01-24t21-17-32-183-4/messages status_code = 200 reason_phrase = OK numofmessages=['32']	1
127.0.0.1:10001 GET Path = /devstoreaccount1/testcluster-2023-01-24t21-17-32-183-0/messages status_code = 200 reason_phrase = OK numofmessages=['32']	1
127.0.0.1:10001 GET Path = /devstoreaccount1/testcluster-2023-01-24t21-17-32-183-2/messages status_code = 200 reason_phrase = OK numofmessages=['32']	1
127.0.0.1:10001 GET Path = /devstoreaccount1/testcluster-2023-01-24t21-17-32-183-5/messages status_code = 200 reason_phrase = OK numofmessages=['32']	1
127.0.0.1:10001 GET Path = /devstoreaccount1/testcluster-2023-01-24t21-17-32-183-6/messages status_code = 200 reason_phrase = OK numofmessages=['32']	1
127.0.0.1:10001 GET Path = /devstoreaccount1/testcluster-2023-01-24t21-17-32-183-7/messages status_code = 200 reason_phrase = OK numofmessages=['32']	1
127.0.0.1:10001 GET Path = /devstoreaccount1/testcluster-2023-01-24t21-17-32-183-3/messages status_code = 200 reason_phrase = OK numofmessages=['32']	1
127.0.0.1:10001 GET Path = /devstoreaccount1/testcluster-2023-01-24t21-17-32-183-1/messages status_code = 200 reason_phrase = OK numofmessages=['32']	1
127.0.0.1:10001 GET Path = /devstoreaccount1/testcluster-2023-01-24t21-17-32-183-4/messages status_code = 200 reason_phrase = OK numofmessages=['32']	1
127.0.0.1:10001 GET Path = /devstoreaccount1/testcluster-2023-01-24t21-17-32-183-0/messages status_code = 200 reason_phrase = OK numofmessages=['32']	1
127.0.0.1:10001 GET Path = /devstoreaccount1/testcluster-2023-01-24t21-17-32-183-5/messages status_code = 200 reason_phrase = OK numofmessages=['32']	1
127.0.0.1:10001 GET Path = /devstoreaccount1/testcluster-2023-01-24t21-17-32-183-2/messages status_code = 200 reason_phrase = OK numofmessages=['32']	1
127.0.0.1:10001 GET Path = /devstoreaccount1/testcluster-2023-01-24t21-17-32-183-7/messages status_code = 200 reason_phrase = OK numofmessages=['32']	1
127.0.0.1:10001 GET Path = /devstoreaccount1/testcluster-2023-01-24t21-17-32-183-6/messages status_code = 200 reason_phrase = OK numofmessages=['32']	1
127.0.0.1:10001 GET Path = /devstoreaccount1/testcluster-2023-01-24t21-17-32-183-3/messages status_code = 200 reason_phrase = OK numofmessages=['32']	1
127.0.0.1:10001 GET Path = /devstoreaccount1/testcluster-2023-01-24t21-17-32-183-4/messages status_code = 200 reason_phrase = OK numofmessages=['32']	1
127.0.0.1:10001 GET Path = /devstoreaccount1/testcluster-2023-01-24t21-17-32-183-1/messages status_code = 200 reason_phrase = OK numofmessages=['32']	1
127.0.0.1:10001 GET Path = /devstoreaccount1/testcluster-2023-01-24t21-17-32-183-0/messages status_code = 200 reason_phrase = OK numofmessages=['32']	1
127.0.0.1:10001 GET Path = /devstoreaccount1/testcluster-2023-01-24t21-17-32-183-5/messages status_code = 200 reason_phrase = OK numofmessages=['32']	1
127.0.0.1:10001 GET Path = /devstoreaccount1/testcluster-2023-01-24t21-17-32-183-2/messages status_code = 200 reason_phrase = OK numofmessages=['32']	1
127.0.0.1:10001 GET Path = /devstoreaccount1/testcluster-2023-01-24t21-17-32-183-6/messages status_code = 200 reason_phrase = OK numofmessages=['32']	1
127.0.0.1:10001 GET Path = /devstoreaccount1/testcluster-2023-01-24t21-17-32-183-7/messages status_code = 200 reason_phrase = OK numofmessages=['32']	1
127.0.0.1:10001 GET Path = /devstoreaccount1/testcluster-2023-01-24t21-17-32-183-3/messages status_code = 200 reason_phrase = OK numofmessages=['32']	1
127.0.0.1:10001 GET Path = /devstoreaccount1/testcluster-2023-01-24t21-17-32-183-1/messages status_code = 200 reason_phrase = OK numofmessages=['32']	1
127.0.0.1:10001 GET Path = /devstoreaccount1/testcluster-2023-01-24t21-17-32-183-4/messages status_code = 200 reason_phrase = OK numofmessages=['32']	1
127.0.0.1:10001 GET Path = /devstoreaccount1/testcluster-2023-01-24t21-17-32-183-0/messages status_code = 200 reason_phrase = OK numofmessages=['32']	1
127.0.0.1:10001 GET Path = /devstoreaccount1/testcluster-2023-01-24t21-17-32-183-2/messages status_code = 200 reason_phrase = OK numofmessages=['32']	1
127.0.0.1:10001 GET Path = /devstoreaccount1/testcluster-2023-01-24t21-17-32-183-5/messages status_code = 200 reason_phrase = OK numofmessages=['32']	1
127.0.0.1:10001 GET Path = /devstoreaccount1/testcluster-2023-01-24t21-17-32-183-6/messages status_code = 200 reason_phrase = OK numofmessages=['32']	1
127.0.0.1:10001 GET Path = /devstoreaccount1/testcluster-2023-01-24t21-17-32-183-7/messages status_code = 200 reason_phrase = OK numofmessages=['32']	1
127.0.0.1:10001 GET Path = /devstoreaccount1/testcluster-2023-01-24t21-17-32-183-3/messages status_code = 200 reason_phrase = OK numofmessages=['32']	1
127.0.0.1:10001 GET Path = /devstoreaccount1/testcluster-2023-01-24t21-17-32-183-4/messages status_code = 200 reason_phrase = OK numofmessages=['32']	1
127.0.0.1:10001 GET Path = /devstoreaccount1/testcluster-2023-01-24t21-17-32-183-1/messages status_code = 200 reason_phrase = OK numofmessages=['32']	1
127.0.0.1:10001 GET Path = /devstoreaccount1/testcluster-2023-01-24t21-17-32-183-0/messages status_code = 200 reason_phrase = OK numofmessages=['32']	1
127.0.0.1:10001 GET Path = /devstoreaccount1/testcluster-2023-01-24t21-17-32-183-5/messages status_code = 200 reason_phrase = OK numofmessages=['32']	1
127.0.0.1:10001 GET Path = /devstoreaccount1/testcluster-2023-01-24t21-17-32-183-2/messages status_code = 200 reason_phrase = OK numofmessages=['32']	1
127.0.0.1:10001 GET Path = /devstoreaccount1/testcluster-2023-01-24t21-17-32-183-6/messages status_code = 200 reason_phrase = OK numofmessages=['32']	1
127.0.0.1:10001 GET Path = /devstoreaccount1/testcluster-2023-01-24t21-17-32-183-7/messages status_code = 200 reason_phrase = OK numofmessages=['32']	1
127.0.0.1:10001 GET Path = /devstoreaccount1/testcluster-2023-01-24t21-17-32-183-3/messages status_code = 200 reason_phrase = OK numofmessages=['32']	1
127.0.0.1:10001 GET Path = /devstoreaccount1/testcluster-2023-01-24t21-17-32-183-1/messages status_code = 200 reason_phrase = OK numofmessages=['32']	1
127.0.0.1:10001 GET Path = /devstoreaccount1/testcluster-2023-01-24t21-17-32-183-4/messages status_code = 200 reason_phrase = OK numofmessages=['32']	1
127.0.0.1:10001 GET Path = /devstoreaccount1/testcluster-2023-01-24t21-17-32-183-0/messages status_code = 200 reason_phrase = OK numofmessages=['32']	1
127.0.0.1:10001 GET Path = /devstoreaccount1/testcluster-2023-01-24t21-17-32-183-2/messages status_code = 200 reason_phrase = OK numofmessages=['32']	1
127.0.0.1:10001 GET Path = /devstoreaccount1/testcluster-2023-01-24t21-17-32-183-5/messages status_code = 200 reason_phrase = OK numofmessages=['32']	1
127.0.0.1:10001 GET Path = /devstoreaccount1/testcluster-2023-01-24t21-17-32-183-6/messages status_code = 200 reason_phrase = OK numofmessages=['32']	1
127.0.0.1:10001 GET Path = /devstoreaccount1/testcluster-2023-01-24t21-17-32-183-7/messages status_code = 200 reason_phrase = OK numofmessages=['32']	1
127.0.0.1:10001 GET Path = /devstoreaccount1/testcluster-2023-01-24t21-17-32-183-3/messages status_code = 200 reason_phrase = OK numofmessages=['32']	1
127.0.0.1:10001 GET Path = /devstoreaccount1/testcluster-2023-01-24t21-17-32-183-4/messages status_code = 200 reason_phrase = OK numofmessages=['32']	1
127.0.0.1:10001 GET Path = /devstoreaccount1/testcluster-2023-01-24t21-17-32-183-1/messages status_code = 200 reason_phrase = OK numofmessages=['32']	1
127.0.0.1:10001 GET Path = /devstoreaccount1/testcluster-2023-01-24t21-17-32-183-0/messages status_code = 200 reason_phrase = OK numofmessages=['32']	1
127.0.0.1:10001 GET Path = /devstoreaccount1/testcluster-2023-01-24t21-17-32-183-5/messages status_code = 200 reason_phrase = OK numofmessages=['32']	1
127.0.0.1:10001 GET Path = /devstoreaccount1/testcluster-2023-01-24t21-17-32-183-2/messages status_code = 200 reason_phrase = OK numofmessages=['32']	1
127.0.0.1:10001 GET Path = /devstoreaccount1/testcluster-2023-01-24t21-17-32-183-6/messages status_code = 200 reason_phrase = OK numofmessages=['32']	1
127.0.0.1:10001 GET Path = /devstoreaccount1/testcluster-2023-01-24t21-17-32-183-3/messages status_code = 200 reason_phrase = OK numofmessages=['32']	1
127.0.0.1:10001 GET Path = /devstoreaccount1/testcluster-2023-01-24t21-17-32-183-7/messages status_code = 200 reason_phrase = OK numofmessages=['32']	1
127.0.0.1:10001 GET Path = /devstoreaccount1/testcluster-2023-01-24t21-17-32-183-1/messages status_code = 200 reason_phrase = OK numofmessages=['32']	1
127.0.0.1:10001 GET Path = /devstoreaccount1/testcluster-2023-01-24t21-17-32-183-4/messages status_code = 200 reason_phrase = OK numofmessages=['32']	1
127.0.0.1:10001 GET Path = /devstoreaccount1/testcluster-2023-01-24t21-17-32-183-0/messages status_code = 200 reason_phrase = OK numofmessages=['32']	1
127.0.0.1:10001 GET Path = /devstoreaccount1/testcluster-2023-01-24t21-17-32-183-2/messages status_code = 200 reason_phrase = OK numofmessages=['32']	1
127.0.0.1:10001 GET Path = /devstoreaccount1/testcluster-2023-01-24t21-17-32-183-5/messages status_code = 200 reason_phrase = OK numofmessages=['32']	1
127.0.0.1:10001 GET Path = /devstoreaccount1/testcluster-2023-01-24t21-17-32-183-6/messages status_code = 200 reason_phrase = OK numofmessages=['32']	1
127.0.0.1:10001 GET Path = /devstoreaccount1/testcluster-2023-01-24t21-17-32-183-7/messages status_code = 200 reason_phrase = OK numofmessages=['32']	1
127.0.0.1:10001 GET Path = /devstoreaccount1/testcluster-2023-01-24t21-17-32-183-3/messages status_code = 200 reason_phrase = OK numofmessages=['32']	1
127.0.0.1:10001 GET Path = /devstoreaccount1/testcluster-2023-01-24t21-17-32-183-1/messages status_code = 200 reason_phrase = OK numofmessages=['32']	1
127.0.0.1:10001 GET Path = /devstoreaccount1/testcluster-2023-01-24t21-17-32-183-4/messages status_code = 200 reason_phrase = OK numofmessages=['32']	1
127.0.0.1:10001 GET Path = /devstoreaccount1/testcluster-2023-01-24t21-17-32-183-0/messages status_code = 200 reason_phrase = OK numofmessages=['32']	1
127.0.0.1:10001 GET Path = /devstoreaccount1/testcluster-2023-01-24t21-17-32-183-2/messages status_code = 200 reason_phrase = OK numofmessages=['32']	1
127.0.0.1:10001 GET Path = /devstoreaccount1/testcluster-2023-01-24t21-17-32-183-5/messages status_code = 200 reason_phrase = OK numofmessages=['32']	1
127.0.0.1:10001 GET Path = /devstoreaccount1/testcluster-2023-01-24t21-17-32-183-6/messages status_code = 200 reason_phrase = OK numofmessages=['32']	1
127.0.0.1:10001 GET Path = /devstoreaccount1/testcluster-2023-01-24t21-17-32-183-7/messages status_code = 200 reason_phrase = OK numofmessages=['32']	1
127.0.0.1:10001 GET Path = /devstoreaccount1/testcluster-2023-01-24t21-17-32-183-3/messages status_code = 200 reason_phrase = OK numofmessages=['32']	1
127.0.0.1:10001 GET Path = /devstoreaccount1/testcluster-2023-01-24t21-17-32-183-4/messages status_code = 200 reason_phrase = OK numofmessages=['32']	1
127.0.0.1:10001 GET Path = /devstoreaccount1/testcluster-2023-01-24t21-17-32-183-1/messages status_code = 200 reason_phrase = OK numofmessages=['32']	1
127.0.0.1:10001 GET Path = /devstoreaccount1/testcluster-2023-01-24t21-17-32-183-0/messages status_code = 200 reason_phrase = OK numofmessages=['32']	1
127.0.0.1:10001 GET Path = /devstoreaccount1/testcluster-2023-01-24t21-17-32-183-2/messages status_code = 200 reason_phrase = OK numofmessages=['32']	1
127.0.0.1:10001 GET Path = /devstoreaccount1/testcluster-2023-01-24t21-17-32-183-5/messages status_code = 200 reason_phrase = OK numofmessages=['32']	1
127.0.0.1:10001 GET Path = /devstoreaccount1/testcluster-2023-01-24t21-17-32-183-6/messages status_code = 200 reason_phrase = OK numofmessages=['32']	1
127.0.0.1:10001 GET Path = /devstoreaccount1/testcluster-2023-01-24t21-17-32-183-7/messages status_code = 200 reason_phrase = OK numofmessages=['32']	1
127.0.0.1:10001 GET Path = /devstoreaccount1/testcluster-2023-01-24t21-17-32-183-3/messages status_code = 200 reason_phrase = OK numofmessages=['32']	1
127.0.0.1:10001 GET Path = /devstoreaccount1/testcluster-2023-01-24t21-17-32-183-1/messages status_code = 200 reason_phrase = OK numofmessages=['32']	1
127.0.0.1:10001 GET Path = /devstoreaccount1/testcluster-2023-01-24t21-17-32-183-4/messages status_code = 200 reason_phrase = OK numofmessages=['32']	1
127.0.0.1:10001 GET Path = /devstoreaccount1/testcluster-2023-01-24t21-17-32-183-0/messages status_code = 200 reason_phrase = OK numofmessages=['32']	1
127.0.0.1:10001 GET Path = /devstoreaccount1/testcluster-2023-01-24t21-17-32-183-2/messages status_code = 200 reason_phrase = OK numofmessages=['32']	1
127.0.0.1:10001 GET Path = /devstoreaccount1/testcluster-2023-01-24t21-17-32-183-5/messages status_code = 200 reason_phrase = OK numofmessages=['32']	1
127.0.0.1:10001 GET Path = /devstoreaccount1/testcluster-2023-01-24t21-17-32-183-6/messages status_code = 200 reason_phrase = OK numofmessages=['32']	1
127.0.0.1:10001 GET Path = /devstoreaccount1/testcluster-2023-01-24t21-17-32-183-7/messages status_code = 200 reason_phrase = OK numofmessages=['32']	1
127.0.0.1:10001 GET Path = /devstoreaccount1/testcluster-2023-01-24t21-17-32-183-3/messages status_code = 200 reason_phrase = OK numofmessages=['32']	1
127.0.0.1:10001 GET Path = /devstoreaccount1/testcluster-2023-01-24t21-17-32-183-1/messages status_code = 200 reason_phrase = OK numofmessages=['32']	1
127.0.0.1:10001 GET Path = /devstoreaccount1/testcluster-2023-01-24t21-17-32-183-4/messages status_code = 200 reason_phrase = OK numofmessages=['32']	1
127.0.0.1:10001 GET Path = /devstoreaccount1/testcluster-2023-01-24t21-17-32-183-0/messages status_code = 200 reason_phrase = OK numofmessages=['32']	1
127.0.0.1:10001 GET Path = /devstoreaccount1/testcluster-2023-01-24t21-17-32-183-2/messages status_code = 200 reason_phrase = OK numofmessages=['32']	1
127.0.0.1:10001 GET Path = /devstoreaccount1/testcluster-2023-01-24t21-17-32-183-5/messages status_code = 200 reason_phrase = OK numofmessages=['32']	1
127.0.0.1:10001 GET Path = /devstoreaccount1/testcluster-2023-01-24t21-17-32-183-6/messages status_code = 200 reason_phrase = OK numofmessages=['32']	1
127.0.0.1:10001 GET Path = /devstoreaccount1/testcluster-2023-01-24t21-17-32-183-7/messages status_code = 200 reason_phrase = OK numofmessages=['32']	1
127.0.0.1:10001 GET Path = /devstoreaccount1/testcluster-2023-01-24t21-17-32-183-3/messages status_code = 200 reason_phrase = OK numofmessages=['32']	1
127.0.0.1:10001 GET Path = /devstoreaccount1/testcluster-2023-01-24t21-17-32-183-4/messages status_code = 200 reason_phrase = OK numofmessages=['32']	1
127.0.0.1:10001 GET Path = /devstoreaccount1/testcluster-2023-01-24t21-17-32-183-1/messages status_code = 200 reason_phrase = OK numofmessages=['32']	1
127.0.0.1:10001 GET Path = /devstoreaccount1/testcluster-2023-01-24t21-17-32-183-0/messages status_code = 200 reason_phrase = OK numofmessages=['32']	1
127.0.0.1:10001 GET Path = /devstoreaccount1/testcluster-2023-01-24t21-17-32-183-2/messages status_code = 200 reason_phrase = OK numofmessages=['32']	1
127.0.0.1:10001 GET Path = /devstoreaccount1/testcluster-2023-01-24t21-17-32-183-5/messages status_code = 200 reason_phrase = OK numofmessages=['32']	1
127.0.0.1:10001 GET Path = /devstoreaccount1/testcluster-2023-01-24t21-17-32-183-6/messages status_code = 200 reason_phrase = OK numofmessages=['32']	1
127.0.0.1:10001 GET Path = /devstoreaccount1/testcluster-2023-01-24t21-17-32-183-7/messages status_code = 200 reason_phrase = OK numofmessages=['32']	1
127.0.0.1:10001 GET Path = /devstoreaccount1/testcluster-2023-01-24t21-17-32-183-3/messages status_code = 200 reason_phrase = OK numofmessages=['32']	1
127.0.0.1:10001 GET Path = /devstoreaccount1/testcluster-2023-01-24t21-17-32-183-1/messages status_code = 200 reason_phrase = OK numofmessages=['32']	1
127.0.0.1:10001 GET Path = /devstoreaccount1/testcluster-2023-01-24t21-17-32-183-4/messages status_code = 200 reason_phrase = OK numofmessages=['32']	1
127.0.0.1:10001 GET Path = /devstoreaccount1/testcluster-2023-01-24t21-17-32-183-0/messages status_code = 200 reason_phrase = OK numofmessages=['32']	1
127.0.0.1:10001 DELETE Path = /devstoreaccount1/testcluster-2023-01-24t21-17-32-183-0/messages status_code = 204 reason_phrase = No Content	1
127.0.0.1:10001 DELETE Path = /devstoreaccount1/testcluster-2023-01-24t21-17-32-183-1/messages status_code = 204 reason_phrase = No Content	1
127.0.0.1:10001 DELETE Path = /devstoreaccount1/testcluster-2023-01-24t21-17-32-183-2/messages status_code = 204 reason_phrase = No Content	1
127.0.0.1:10001 DELETE Path = /devstoreaccount1/testcluster-2023-01-24t21-17-32-183-3/messages status_code = 204 reason_phrase = No Content	1
127.0.0.1:10001 DELETE Path = /devstoreaccount1/testcluster-2023-01-24t21-17-32-183-4/messages status_code = 204 reason_phrase = No Content	1
127.0.0.1:10001 DELETE Path = /devstoreaccount1/testcluster-2023-01-24t21-17-32-183-5/messages status_code = 204 reason_phrase = No Content	1
127.0.0.1:10001 DELETE Path = /devstoreaccount1/testcluster-2023-01-24t21-17-32-183-6/messages status_code = 204 reason_phrase = No Content	1
127.0.0.1:10001 DELETE Path = /devstoreaccount1/testcluster-2023-01-24t21-17-32-183-7/messages status_code = 204 reason_phrase = No Content	1
